method,run,used,n_feasible,evals,first_gwp,best_gwp,gap,OGR,QER,restarts
No RAG,1,no,30,39,254.6,143.55,9.34,0.07,2.848,0
No RAG,2,no,8,65,255.7,184.38,50.17,0.374,1.097,0
No RAG,3,yes,24,88,213.2,142.32,8.11,0.06,0.806,2
No RAG,4,yes,30,62,234.8,155.08,20.87,0.156,1.285,2
No RAG,5,yes,30,48,228.4,145.47,11.26,0.084,1.728,1
No RAG,6,yes,30,55,231.7,144.99,10.78,0.08,1.576,1
No RAG,7,yes,30,48,211.3,144.13,9.92,0.074,1.398,2
RAG (tabular),1,no,0,35,,,,,,0
RAG (tabular),2,no,29,119,232.0,138.49,4.28,0.032,0.786,2
RAG (tabular),3,yes,30,50,256.3,147.53,13.32,0.099,2.176,2
RAG (tabular),4,yes,30,106,237.0,146.79,12.58,0.094,0.851,2
RAG (tabular),5,yes,30,105,293.9,176.35,42.14,0.314,1.12,0
RAG (tabular),6,yes,30,129,310.3,192.72,58.51,0.436,0.911,0
RAG (tabular),7,yes,30,66,281.0,150.68,16.47,0.123,1.975,0
RAG (text),1,no,30,77,279.2,169.48,35.27,0.263,1.425,0
RAG (text),2,no,30,72,249.7,143.42,9.21,0.069,1.476,2
RAG (text),3,yes,30,66,280.0,159.35,25.14,0.187,1.828,0
RAG (text),4,yes,30,55,231.8,150.64,16.43,0.122,1.475,2
RAG (text),5,yes,30,76,244.6,165.56,31.35,0.234,1.04,0
RAG (text),6,yes,0,1,,,,,,0
RAG (text),7,yes,30,86,218.8,144.2,9.99,0.074,0.867,2
