Iteration,Reasoning log,PC (kg/m3),SC (kg/m3),FA (kg/m3),WATER (kg/m3),FAGG (kg/m3),CAGG (kg/m3),WR_HR (kg/m3),ACC (kg/m3),GWP (kg CO2-eq/m3),28-day strength (MPa)
1,"All constraints are satisfied. Vfinal is at the minimum. The current mix is feasible. The next step is to reduce GWP. We will swap 10 kg/m³ of PC for SC, as this is the most effective way to reduce GWP without compromising strength and while keeping Vfinal stable.",170.0,110.0,0.0,119.0,781.0,1078.0,2.0,17.0,213.22,50.11
2,"All constraints are now satisfied. The mix is feasible. GWP is 203.8 kg CO₂-eq/m³. Strength is 51.8 MPa. Vfinal is 0.950. The next step is to attempt further GWP reduction by swapping more PC for SC, while carefully monitoring strength. We will reduce PC by another 12 kg/m³ and increase SC accordingly.",146.0,134.0,0.0,118.0,782.0,1078.0,2.0,17.0,194.41,52.32
3,"Strength is excellent and GWP is significantly reduced. However, Vfinal is still slightly low. Add 2 kg/m³ of FAGG to bring Vfinal to the minimum target. This minor adjustment should not significantly impact strength or GWP. All other components remain unchanged.",122.0,158.0,0.0,116.0,785.0,1078.0,2.0,17.0,175.6,52.17
4,"Strength is good and GWP has reduced significantly. However, Vfinal is still slightly below target. Add 2 kg/m³ of FAGG to bring Vfinal to the minimum target. This minor adjustment is unlikely to affect strength or GWP. All other components remain unchanged.",110.0,170.0,0.0,115.0,787.0,1078.0,2.0,17.0,166.19,51.65
5,"Strength is excellent and GWP has reduced further. However, Vfinal is still slightly below target. Add 2 kg/m³ of FAGG to bring Vfinal to the minimum target. This minor adjustment should not significantly impact strength or GWP. All other components remain unchanged.",100.0,180.0,0.0,114.0,789.0,1078.0,2.0,17.0,158.36,52.75
6,"The current mix is feasible with good GWP reduction and a decent strength margin. To further decrease GWP, we will swap another 10 kg/m³ of PC for SC. We will also slightly reduce WATER by 1 kg/m³ to maintain strength and create headroom, keeping aggregates and ACC constant.",97.3,190.0,0.0,113.0,789.0,1078.0,2.0,17.0,158.17,53.72
7,"The current mix is feasible but GWP reduction has stalled. PC is at its lower bound. To further reduce GWP, we will try substituting a small amount of PC (which is at its lower bound) with SC. Given PC is at its minimum, we will not reduce it further but will increase SC to maximize SCM content, and slightly reduce WATER to maintain strength.",97.3,190.0,0.0,112.0,789.0,1078.0,2.0,17.0,158.17,53.77
8,"The GWP has stalled at the lower bound of PC. To reduce GWP further, we will try to introduce FA as a partial substitute for SC, aiming for a PoD (Path 2) type blend. We'll start with a small FA addition and see its effect on strength and GWP.",97.3,180.0,10.0,111.0,789.0,1078.0,2.0,17.0,158.81,53.79
9,"GWP increased, which is undesirable. Introducing FA has increased GWP. We need to reduce GWP. We will revert FA to 0 and increase SC by swapping PC. We will also slightly reduce WATER to maintain strength and try to compensate for the increased SC.",97.3,200.0,0.0,111.0,789.0,1078.0,2.0,17.0,160.81,54.22
10,"Stagnation detected. Applying Strategy A: shift to Path 2. Reduced total binder to 255 kg/m³. Increased aggregates for volume balance and paste reduction. Incorporated WR_HR to enable lower water content for strength, and ACC to compensate for reduced binder strength. Aim is to explore lower GWP achievable by significantly reducing binder content and leveraging admixtures.",100.0,155.0,0.0,90.77,950.0,1150.0,5.0,15.0,152.45,55.14
