method,run,n_feasible,OGR,best_gwp,success,selected,attempts_until_5_successes
baseline,1,0,,,False,False,10
baseline,2,0,,,False,False,10
baseline,3,30,0.3571,182.75,True,True,10
baseline,4,8,0.3076,176.08,True,True,10
baseline,5,1,0.3271,178.71,False,False,10
baseline,6,2,0.4788,199.14,False,False,10
baseline,7,6,0.3031,175.48,True,True,10
baseline,8,0,,,False,False,10
baseline,9,8,0.1576,155.88,True,True,10
baseline,10,7,0.0981,147.87,True,True,10
no_knowledge,1,6,0.2641,170.23,True,True,5
no_knowledge,2,30,0.0885,146.58,True,True,5
no_knowledge,3,30,0.073,144.49,True,True,5
no_knowledge,4,30,0.1933,160.69,True,True,5
no_knowledge,5,30,0.1003,148.16,True,True,5
zero_shot,1,30,0.9456,261.99,True,True,8
zero_shot,2,30,0.952,262.85,True,True,8
zero_shot,3,0,,,False,False,8
zero_shot,4,0,,,False,False,8
zero_shot,5,13,1.0804,280.15,True,True,8
zero_shot,6,0,,,False,False,8
zero_shot,7,30,0.5889,213.96,True,True,8
zero_shot,8,30,0.3706,184.56,True,True,8
no_rag,1,7,0.2208,164.39,True,True,10
no_rag,2,0,,,False,False,10
no_rag,3,2,0.2866,173.26,False,False,10
no_rag,4,0,,,False,False,10
no_rag,5,30,0.2113,163.12,True,True,10
no_rag,6,2,0.4283,192.33,False,False,10
no_rag,7,15,0.1271,151.77,True,True,10
no_rag,8,0,,,False,False,10
no_rag,9,30,0.6137,217.3,True,True,10
no_rag,10,30,0.0947,147.41,True,True,10
rag_tabular,1,8,0.2095,162.87,True,True,5
rag_tabular,2,30,0.3745,185.09,True,True,5
rag_tabular,3,30,0.1533,155.31,True,True,5
rag_tabular,4,8,0.1984,161.38,True,True,5
rag_tabular,5,9,0.2102,162.97,True,True,5
