PC,FA,SC,SF,FAGG,CAGG,WATER,AEA,WR_HR,WR,ACC,TOTAL_BINDER,w/b,b/a,SCM%,CAGG%,FAGG%,7day,28day,56day
164,109,274,0,1309,1815,217,5.0,0.0,30.0,0.0,547,0.396709324,0.175096031,0.700182815,0.580985915,0.419014085,36.44820855,47.21111967,
165,0,385,0,1350,1850,238,2.0,0.0,32.0,0.0,550,0.432727273,0.171875,0.7,0.578125,0.421875,33.695266685,55.469404929999996,59.171666044999995
180,0,420,0,1159,1970,242,0.9,0.0,30.0,0.0,600,0.403333333,0.191754554,0.7,0.62959412,0.37040588,31.66643359,50.676486,51.33723383
180,0,420,0,1209,1710,242,5.0,109.0,20.0,0.0,600,0.403333333,0.205549846,0.7,0.585817061,0.414182939,35.74267776,51.27760693,57.46353268
180,0,420,0,1285,1740,225,3.0,0.0,40.0,0.0,600,0.375,0.198347107,0.7,0.575206612,0.424793388,36.6801232,50.49262573,
180,0,420,0,1285,1740,239,0.0,0.0,0.0,0.0,600,0.398333333,0.198347107,0.7,0.575206612,0.424793388,44.18392033,54.7443944,
180,0,420,0,1285,1740,239,1.8,0.0,40.0,0.0,600,0.398333333,0.198347107,0.7,0.575206612,0.424793388,43.02521761,57.66572975,
180,0,420,0,1285,1740,239,2.5,0.0,40.0,0.0,600,0.398333333,0.198347107,0.7,0.575206612,0.424793388,39.739151545,56.57568715,57.55975473
180,0,420,0,1300,1700,270,1.5,0.0,20.0,0.0,600,0.45,0.2,0.7,0.566666667,0.433333333,24.40236567,41.65559186,46.26413105
180,0,455,0,1340,1750,238,2.5,0.0,33.0,0.0,635,0.37480315,0.205501618,0.716535433,0.566343042,0.433656958,34.10751588,49.10505528,59.122567
180,0,455,0,1340,1750,257,1.5,5.0,8.0,0.0,635,0.404724409,0.205501618,0.716535433,0.566343042,0.433656958,36.79157275,52.11576715,57.32679542
180,120,300,0,1200,1830,232,4.0,0.0,45.0,0.0,600,0.386666667,0.198019802,0.7,0.603960396,0.396039604,35.3011712,45.68927627,51.2625406
180,120,300,0,1200,1830,239,8.0,0.0,18.0,0.0,600,0.398333333,0.198019802,0.7,0.603960396,0.396039604,32.97665211,49.85568124,55.1063693
180,120,300,0,1210,1830,228,6.0,0.0,33.0,0.0,600,0.38,0.197368421,0.7,0.601973684,0.398026316,33.41775259,46.20904715,52.83621397
180,120,300,0,1250,1740,234,5.0,0.0,39.0,0.0,600,0.39,0.200668896,0.7,0.581939799,0.418060201,27.11070976,45.51231076,48.91612724
180,120,300,0,1250,1740,234,9.0,0.0,39.0,0.0,600,0.39,0.200668896,0.7,0.581939799,0.418060201,29.8026001,45.35890235,51.10688617
180,120,300,0,1250,1740,270,6.0,0.0,22.0,0.0,600,0.45,0.200668896,0.7,0.581939799,0.418060201,24.84064947,46.59478808,48.03677789
180,120,300,0,1250,1750,239,4.0,45.0,39.0,0.0,600,0.398333333,0.2,0.7,0.583333333,0.416666667,32.43639842,44.135657015,48.67355822
180,120,300,0,1250,1830,239,4.0,45.0,39.0,0.0,600,0.398333333,0.194805195,0.7,0.594155844,0.405844156,31.74982547666667,46.152757353333335,50.22258096666667
180,120,300,0,1250,1830,240,11.0,0.0,18.0,0.0,600,0.4,0.194805195,0.7,0.594155844,0.405844156,31.28027253,44.46075539,49.01234165
180,120,300,0,1280,1830,214,9.0,0.0,18.0,0.0,600,0.356666667,0.192926045,0.7,0.588424437,0.411575563,30.20479443,42.74176637,45.63431803
180,120,300,0,1280,1830,238,5.0,0.0,18.0,0.0,600,0.396666667,0.192926045,0.7,0.588424437,0.411575563,31.199084315,49.13700181,56.045062145
180,180,240,0,1116,1450,242,1.5,0.0,30.0,0.0,600,0.403333333,0.233826968,0.7,0.565081839,0.434918161,24.9590312,43.30196562,53.4688638
180,180,240,0,1116,1970,184,0.4,5.0,0.0,0.0,600,0.306666667,0.194426442,0.7,0.638366818,0.361633182,28.7166754,52.227807,57.4678246
180,180,240,0,1116,1970,242,0.9,0.0,30.0,0.0,600,0.403333333,0.194426442,0.7,0.638366818,0.361633182,31.3603474,48.54973982,52.27353755
180,180,240,0,1116,1970,242,0.9,30.0,0.0,0.0,600,0.403333333,0.194426442,0.7,0.638366818,0.361633182,28.87749769,45.44050693,48.1948284
180,180,240,0,1116,1970,242,1.5,30.0,0.0,0.0,600,0.403333333,0.194426442,0.7,0.638366818,0.361633182,27.586441726666667,44.977857166666666,51.87583643
180,180,240,0,1270,1825,209,15.0,0.0,46.0,0.0,600,0.348333333,0.193861066,0.7,0.589660743,0.410339257,30.67019073,47.66577413,
180,180,240,0,1270,1825,210,15.0,0.0,46.0,0.0,600,0.35,0.193861066,0.7,0.589660743,0.410339257,32.6219472,50.51087549,60.36787947
180,180,240,0,1270,1928,200,15.0,0.0,18.0,0.0,600,0.333333333,0.187617261,0.7,0.602876798,0.397123202,37.7832848,56.89777569,58.03549317
180,180,240,0,1290,1950,209,18.0,0.0,71.0,0.0,600,0.348333333,0.185185185,0.7,0.601851852,0.398148148,33.66075123,50.38441766,53.712754745
180,180,240,0,1320,1775,209,14.0,36.0,55.0,0.0,600,0.348333333,0.193861066,0.7,0.573505654,0.426494346,42.94181887,61.01235804,
185,0,440,0,1265,1960,235,5.0,0.0,75.0,0.0,625,0.376,0.19379845,0.704,0.607751938,0.392248062,43.79321727,56.49872778,
188,187,250,0,1265,1800,228,8.5,0.0,52.0,0.0,625,0.3648,0.203915171,0.6992,0.587275693,0.412724307,35.54109732,52.94959765,66.82470336
195,0,455,0,1145,1870,260,9.8,0.0,50.0,0.0,650,0.4,0.215588723,0.7,0.620232172,0.379767828,41.023822,52.56679937,
195,0,455,0,1230,1850,238,3.3,0.0,104.0,0.0,650,0.366153846,0.211038961,0.7,0.600649351,0.399350649,51.82011684,61.1541437,
195,0,455,0,1250,1850,242,3.0,0.0,35.0,3.0,650,0.372307692,0.209677419,0.7,0.596774194,0.403225806,35.852751999999995,51.06144343,57.8297995
195,0,495,0,1250,1850,242,3.0,15.0,35.0,0.0,690,0.350724638,0.222580645,0.717391304,0.596774194,0.403225806,41.1789541,54.77312257,58.76921055
195,130,325,0,1190,1735,245,6.0,0.0,46.0,0.0,650,0.376923077,0.222222222,0.7,0.593162393,0.406837607,33.39966897,52.9862306,56.50589437
198,198,264,0,1141,1750,250,0.0,0.0,40.0,0.0,660,0.378787879,0.228294708,0.7,0.605326877,0.394673123,30.4748392,49.32051653,56.9162438
198,198,264,0,1345,1550,249,5.0,0.0,55.0,0.0,660,0.377272727,0.227979275,0.7,0.535405872,0.464594128,32.67409085,49.67036176,58.49354506
200,100,550,0,1260,1400,312,0.0,0.0,52.0,0.0,850,0.367058824,0.319548872,0.764705882,0.526315789,0.473684211,59.0191456,72.06173327,77.89240197
204,204,272,0,1015,1970,264,1.1,40.8,0.0,0.0,680,0.388235294,0.227805695,0.7,0.659966499,0.340033501,31.4401056,49.0906912,56.5715058
210,175,315,0,1280,1600,245,10.0,0.0,55.0,0.0,700,0.35,0.243055556,0.7,0.555555556,0.444444444,36.8524922,52.58403627,
225,225,300,0,1390,1650,267,0.0,19.0,21.0,0.0,750,0.356,0.246710526,0.7,0.542763158,0.457236842,33.881744405,67.16984881,73.52636576500001
233,233,310,0,1225,1600,258,3.9,21.3,32.9,0.0,776,0.332474227,0.274690265,0.699742268,0.566371681,0.433628319,50.20847805,68.58179468,73.79308411
233,233,310,0,1370,1601,250,0.0,23.3,50.4,0.0,776,0.322164948,0.261191518,0.699742268,0.538875799,0.461124201,55.81997696,70.16107776,75.71595607
240,0,560,0,1400,1650,264,0.0,0.0,100.0,0.0,800,0.33,0.262295082,0.7,0.540983607,0.459016393,52.50129915,68.90666236,70.72185157
246,0,164,0,1520,1750,250,3.3,8.2,0.0,0.0,410,0.609756098,0.125382263,0.4,0.535168196,0.464831804,13.5482034,24.76367967,
274,140,443,0,1126,1606,275,13.0,0.0,40.0,0.0,857,0.320886814,0.313689605,0.680280047,0.587847731,0.412152269,37.29080194,45.2296256,52.10140307
274,140,443,0,1197,1738,279,0.0,0.0,40.0,0.0,857,0.325554259,0.291993186,0.680280047,0.592163543,0.407836457,55.69350338,60.93296383,80.79991071
274,140,443,0,1210,1738,279,0.0,40.0,81.0,0.0,857,0.325554259,0.290705563,0.680280047,0.589552239,0.410447761,54.18596774,66.42978139,72.98693143
274,140,443,0,1300,1606,292,0.0,0.0,75.0,0.0,857,0.340723454,0.294907089,0.680280047,0.55264969,0.44735031,63.31458108,66.28162613,84.35164297
275,0,275,0,1024,2300,215,4.4,80.0,0.0,0.0,550,0.390909091,0.165463297,0.5,0.691937425,0.308062575,45.9535754,53.13561707,
275,0,413,0,1065,1870,255,5.1,0.0,27.5,0.0,688,0.370639535,0.234412266,0.600290698,0.63713799,0.36286201,34.72779412,48.9167568,63.243815025
275,0,413,0,1070,1870,255,2.8,27.5,0.0,0.0,688,0.370639535,0.234013605,0.600290698,0.636054422,0.363945578,33.41906588,47.10756376,
275,0,413,0,1159,1870,255,7.0,55.0,0.0,0.0,688,0.370639535,0.227137669,0.600290698,0.617365467,0.382634533,35.42966445,53.67639884,53.8480756
280,105,315,0,1335,1500,238,25.0,0.0,89.0,0.0,700,0.34,0.24691358,0.6,0.529100529,0.470899471,47.207072745,61.986190655,
288,89,466,45,1178,1686,240,0.0,0.0,95.0,0.0,843,0.284697509,0.294343575,0.658362989,0.588687151,0.411312849,77.81272919,90.5772282,96.61244146
290,0,435,25,1450,1500,280,0.0,0.0,150.0,0.0,725,0.386206897,0.245762712,0.6,0.508474576,0.491525424,49.2630602,61.6046806,73.1534036
290,105,490,0,1325,1650,238,0.0,0.0,82.0,0.0,885,0.268926554,0.297478992,0.672316384,0.554621849,0.445378151,64.13315552,78.6519747,84.94874686
297,153,450,0,1284,1601,246,0.0,0.0,58.5,0.0,900,0.273333333,0.311958406,0.67,0.554939341,0.445060659,65.07121271,66.6206185,82.71590535
297,153,450,0,1373,1601,246,0.0,27.0,58.5,0.0,900,0.273333333,0.30262273,0.67,0.538332213,0.461667787,62.35067487,90.04322046,96.60060197
300,0,200,0,1424,1710,250,6.3,15.0,0.0,0.0,500,0.5,0.159540523,0.4,0.54562859,0.45437141,21.902354265,32.690355415,
300,0,300,0,1300,1700,270,1.5,0.0,20.0,0.0,600,0.45,0.2,0.5,0.566666667,0.433333333,25.85535,46.28682213,54.71375102
300,0,450,0,1038,1750,279,7.0,0.0,30.0,0.0,750,0.372,0.269010043,0.6,0.6276901,0.3723099,41.4030338,55.80159093,59.340901065
300,0,450,0,1112,1700,250,2.8,0.0,50.0,0.0,750,0.333333333,0.266714083,0.6,0.60455192,0.39544808,56.23497585,80.02518107,
300,0,450,0,1121,1700,283,5.0,0.0,75.0,0.0,750,0.377333333,0.265863169,0.6,0.602623183,0.397376817,53.657816785,69.390449045,
300,0,450,0,1121,1700,284,5.0,0.0,25.0,0.0,750,0.378666667,0.265863169,0.6,0.602623183,0.397376817,50.04028769,72.03979539,
300,0,450,0,1240,1700,284,8.0,25.0,75.0,0.0,750,0.378666667,0.255102041,0.6,0.578231293,0.421768707,53.26648983,73.4467443,
300,0,450,0,1481,1500,276,0.0,0.0,0.0,0.0,750,0.368,0.251593425,0.6,0.50318685,0.49681315,40.1102663,62.5354732,
300,65,483,25,1370,1646,220,0.0,30.0,65.0,0.0,848,0.259433962,0.281167109,0.646226415,0.545755968,0.454244032,77.7964244,106.0790746,111.0426244
300,120,180,0,1200,1830,220,12.0,0.0,37.0,0.0,600,0.366666667,0.198019802,0.5,0.603960396,0.396039604,34.42365629,51.78460786,52.49815417
300,120,180,0,1200,1830,232,4.0,0.0,45.0,0.0,600,0.386666667,0.198019802,0.5,0.603960396,0.396039604,35.733338280000005,51.539350465000005,55.49236185833333
300,120,180,0,1200,1830,233,8.0,0.0,40.0,0.0,600,0.388333333,0.198019802,0.5,0.603960396,0.396039604,34.821939175,51.29809637,57.79314999
300,120,180,0,1200,1830,234,4.0,0.0,35.0,0.0,600,0.39,0.198019802,0.5,0.603960396,0.396039604,35.41086056,53.85765166,
300,120,180,0,1210,1830,228,6.0,0.0,33.0,0.0,600,0.38,0.197368421,0.5,0.601973684,0.398026316,34.61935604,52.59388592,58.01448057
300,120,180,0,1210,1873,228,2.3,0.0,35.0,0.0,600,0.38,0.194615634,0.5,0.607525138,0.392474862,39.80175053,58.10445355,63.42591478
300,120,180,0,1210,1873,228,5.0,0.0,40.0,0.0,600,0.38,0.194615634,0.5,0.607525138,0.392474862,37.1972302,56.39051835,60.13092565
300,120,180,0,1210,1873,229,5.0,0.0,30.0,0.0,600,0.381666667,0.194615634,0.5,0.607525138,0.392474862,38.77935552,57.6746674,64.61387156
300,120,180,0,1210,1900,228,2.3,0.0,35.0,0.0,600,0.38,0.192926045,0.5,0.610932476,0.389067524,39.31002448,54.83840492,60.208364675
300,120,180,0,1210,1900,228,5.0,0.0,30.0,0.0,600,0.38,0.192926045,0.5,0.610932476,0.389067524,38.39519475,53.31732272,59.09455704
300,120,180,0,1210,1900,232,4.0,45.0,45.0,0.0,600,0.386666667,0.192926045,0.5,0.610932476,0.389067524,37.66919293666667,54.96694193333334,60.74264408
300,120,180,0,1210,1973,228,2.3,0.0,35.0,0.0,600,0.38,0.188501414,0.5,0.619855482,0.380144518,39.3346058,57.52815375,60.72272588
300,120,180,0,1250,1750,239,5.0,45.0,39.0,0.0,600,0.398333333,0.2,0.5,0.583333333,0.416666667,34.17732532,51.9175428,62.25106435
300,120,180,0,1255,1860,234,1.8,0.0,36.0,0.0,600,0.39,0.192616372,0.5,0.597110754,0.402889246,33.1293218,52.37719347,61.7425758
300,125,371,0,1328,1625,230,0.0,15.0,50.0,0.0,796,0.288944724,0.269556383,0.623115578,0.550287843,0.449712157,57.50069497,90.92379978,97.80843856
300,129,367,24,1338,1633,222,0.0,12.0,43.0,0.0,796,0.278894472,0.267923258,0.623115578,0.549646584,0.450353416,69.36810019,101.9864866,107.8115883
300,150,150,0,1231,1720,242,1.2,0.0,36.0,0.0,600,0.403333333,0.203320908,0.5,0.58285327,0.41714673,38.16067480571429,55.62432837428571,60.7083618
300,180,0,0,1210,1873,229,4.0,0.0,40.0,0.0,480,0.477083333,0.155692507,0.375,0.607525138,0.392474862,40.42627613,63.1904754,69.6715498
300,180,420,0,1460,1515,242,0.0,31.5,54.0,0.0,900,0.268888889,0.302521008,0.666666667,0.509243697,0.490756303,66.3183508,95.62835127,105.0702745
303,182,121,0,1174,1835,242,1.0,0.0,39.0,0.0,606,0.399339934,0.201395813,0.5,0.609837155,0.390162845,37.15725017,52.800109145,59.536694575
310,0,310,0,1260,1840,250,1.6,0.0,31.3,0.0,620,0.403225806,0.2,0.5,0.593548387,0.406451613,40.94338313,60.99564347,
310,0,310,0,1378,1825,238,4.0,0.0,34.1,0.0,620,0.383870968,0.19356853,0.5,0.569778333,0.430221667,33.22584844,49.81693925,
310,110,200,0,1121,1720,246,1.2,0.0,40.3,0.0,620,0.396774194,0.218233017,0.5,0.605420627,0.394579373,42.018965695000006,57.30981968,61.2599426
310,110,200,0,1211,1720,246,1.2,0.0,40.3,0.0,620,0.396774194,0.2115319,0.5,0.586830433,0.413169567,43.77748412857142,62.67411911,66.04274038
310,110,200,0,1211,1720,260,1.2,0.0,40.3,0.0,620,0.419354839,0.2115319,0.5,0.586830433,0.413169567,44.13508245,61.54722427,
310,110,200,0,1252,1720,213,2.5,0.0,31.0,512.0,620,0.343548387,0.208613728,0.5,0.578734859,0.421265141,45.66342092,63.26708384,68.66491484
310,200,110,0,1211,1720,246,1.2,0.0,40.3,0.0,620,0.396774194,0.2115319,0.5,0.586830433,0.413169567,43.8161998,57.68615867,
315,150,210,0,1550,1650,280,0.0,0.0,28.0,0.0,675,0.414814815,0.2109375,0.533333333,0.515625,0.484375,32.79412739666667,38.29177335,55.646422433333335
320,0,465,15,1375,1500,280,0.0,0.0,80.0,0.0,785,0.356687898,0.273043478,0.592356688,0.52173913,0.47826087,48.40527094,67.28902718,74.56806061
320,0,465,15,1450,1460,283,0.0,0.0,115.0,0.0,785,0.360509554,0.26975945,0.592356688,0.501718213,0.498281787,58.73148343,73.80990466,79.09085269
320,0,480,0,1375,1500,280,0.0,0.0,90.0,0.0,800,0.35,0.27826087,0.6,0.52173913,0.47826087,51.6245155,64.11437324,69.15807162
320,110,210,0,1257,1700,255,2.6,0.0,41.6,0.0,640,0.3984375,0.216435577,0.5,0.574907,0.425093,41.17901689333333,60.377327466666664,64.23618067
320,115,350,0,1225,1824,275,0.0,0.0,78.5,0.0,785,0.350318471,0.257461463,0.592356688,0.598228928,0.401771072,56.09043959,72.02467203,78.35983134
320,128,192,0,1230,1850,237,1.9,0.0,38.4,0.0,640,0.3703125,0.207792208,0.5,0.600649351,0.399350649,35.55780949,54.2325107,61.5012592
324,0,216,0,1320,1700,267,2.2,21.6,37.8,0.0,540,0.494444444,0.178807947,0.4,0.562913907,0.437086093,31.2504997,44.81594,50.84502458
325,0,325,0,1154,1870,260,4.6,0.0,50.0,0.0,650,0.4,0.21494709,0.5,0.618386243,0.381613757,37.38568697,54.37296701,
325,130,195,0,1062,1970,208,2.6,0.0,33.0,0.0,650,0.32,0.214379947,0.5,0.649736148,0.350263852,35.11313229,50.52709953,58.04749516
325,130,195,0,1150,1900,234,3.0,0.0,39.0,0.0,650,0.36,0.213114754,0.5,0.62295082,0.37704918,38.82284224,50.84991794,55.538010005000004
325,130,195,0,1155,1830,225,9.0,0.0,50.0,0.0,650,0.346153846,0.217755444,0.5,0.613065327,0.386934673,39.4035534,59.59370893,
325,130,195,0,1155,1830,232,8.5,0.0,50.0,0.0,650,0.356923077,0.217755444,0.5,0.613065327,0.386934673,35.379565145,54.21170181,59.017291605
329,0,329,0,1390,1700,263,6.0,0.0,79.0,0.0,658,0.399696049,0.212944984,0.5,0.550161812,0.449838188,32.20103639,43.56210267,
330,0,220,0,1120,2210,220,2.2,15.0,27.5,0.0,550,0.4,0.165165165,0.4,0.663663664,0.336336336,41.50153037,50.33415315,54.99615761
330,0,220,0,1200,2070,220,1.9,27.5,0.0,0.0,550,0.4,0.168195719,0.4,0.633027523,0.366972477,30.88341757,46.33110555,49.6767458
336,0,224,0,1350,1710,258,4.0,0.0,5.6,0.0,560,0.460714286,0.183006536,0.4,0.558823529,0.441176471,24.7177146,37.63772876,
336,0,224,0,1496,1710,238,0.0,0.0,40.0,0.0,560,0.425,0.174672489,0.4,0.533374922,0.466625078,28.7511492,39.33230755,
336,112,112,0,1270,1725,254,1.5,0.0,21.3,0.0,560,0.453571429,0.186978297,0.4,0.575959933,0.424040067,33.7498502,45.89611907,
336,112,112,0,1270,1725,259,1.4,0.0,21.3,0.0,560,0.4625,0.186978297,0.4,0.575959933,0.424040067,35.77690964,50.84425849,
338,0,226,0,1293,1710,266,7.1,16.9,0.0,0.0,564,0.471631206,0.187812188,0.40070922,0.569430569,0.430569431,23.8041589,40.67793487,
338,0,226,0,1325,1710,267,7.1,16.9,0.0,0.0,564,0.473404255,0.18583196,0.40070922,0.563426689,0.436573311,26.50493489,40.406339075000005,78.2210522
340,0,220,0,1200,2000,210,11.0,0.0,55.0,192.0,560,0.375,0.175,0.392857143,0.625,0.375,35.99691516,53.29022684,
340,0,225,0,1325,1800,212,0.7,30.0,3.0,0.0,565,0.375221239,0.1808,0.398230088,0.576,0.424,24.9245574,38.10504027,
340,0,225,0,1325,1800,255,5.6,22.6,0.0,0.0,565,0.451327434,0.1808,0.398230088,0.576,0.424,31.72768967,41.0413613,
340,0,240,0,1461,1850,300,6.0,0.0,30.0,0.0,580,0.517241379,0.175173664,0.413793103,0.558743582,0.441256418,24.821136,40.334346,
342,0,228,0,1123,2118,229,5.7,0.0,22.8,0.0,570,0.401754386,0.175871645,0.4,0.653502006,0.346497994,28.5098326,47.746213,
342,0,228,0,1138,2118,229,5.7,22.8,22.8,0.0,570,0.401754386,0.175061425,0.4,0.6504914,0.3495086,30.75313679,47.91283637,61.0875736
345,0,230,0,1325,1650,270,2.0,0.0,26.0,0.0,575,0.469565217,0.193277311,0.4,0.554621849,0.445378151,26.15750272,38.50458277,48.94130473
345,115,115,0,1380,1735,251,11.5,0.0,28.8,0.0,575,0.436521739,0.18459069,0.4,0.556982343,0.443017657,41.5754028,50.63052093,
348,0,232,0,1279,1710,266,7.3,17.4,0.0,0.0,580,0.45862069,0.194044831,0.4,0.572097692,0.427902308,25.9179774,38.11805674,
348,0,232,0,1290,1710,263,7.3,17.4,0.0,0.0,580,0.453448276,0.193333333,0.4,0.57,0.43,23.941029510000003,36.68034488666667,45.11471293
348,0,232,0,1300,1700,261,2.0,23.2,37.7,0.0,580,0.45,0.193333333,0.4,0.566666667,0.433333333,30.4576023,42.3338264,
348,0,232,0,1311,1710,266,5.8,17.4,0.0,0.0,580,0.45862069,0.191989407,0.4,0.566037736,0.433962264,22.2528379,39.5586855,
348,0,232,0,1330,1710,238,3.3,0.0,11.6,0.0,580,0.410344828,0.190789474,0.4,0.5625,0.4375,22.63169793,35.680383,
348,0,232,0,1380,1700,250,4.0,0.0,33.0,0.0,580,0.431034483,0.188311688,0.4,0.551948052,0.448051948,29.36018633,45.60500698,
348,0,232,0,1380,1700,261,1.1,26.1,23.2,0.0,580,0.45,0.188311688,0.4,0.551948052,0.448051948,30.80923506,42.76096519,
348,0,232,0,1537,1630,283,0.0,17.4,40.6,0.0,580,0.487931034,0.183138617,0.4,0.514682665,0.485317335,24.5453456,37.55674269,
350,0,0,0,1580,1750,250,0.0,8.1,0.0,12.0,350,0.714285714,0.105105105,0.0,0.525525526,0.474474474,13.86708605,17.36904957,
350,0,150,0,1380,1800,275,3.3,12.5,0.0,0.0,500,0.55,0.157232704,0.3,0.566037736,0.433962264,23.7007375,33.3534015,
350,0,210,0,1054,2150,207,6.0,20.0,80.0,384.0,560,0.369642857,0.174781523,0.375,0.671036205,0.328963795,43.02800337,58.45172725,61.8459972
350,0,210,0,1200,1980,235,3.0,0.0,60.0,0.0,560,0.419642857,0.176100629,0.375,0.622641509,0.377358491,35.4390664,44.58611467,
350,0,210,0,1282,1955,231,3.0,0.0,80.0,0.0,560,0.4125,0.172999691,0.375,0.603954279,0.396045721,39.04732413,49.94104493,
350,0,350,0,1134,1870,360,3.5,50.0,0.0,0.0,700,0.514285714,0.233022636,0.5,0.622503329,0.377496671,28.785623,46.24085707,
350,0,350,0,1184,1750,267,5.0,0.0,35.0,0.0,700,0.381428571,0.23858214,0.5,0.596455351,0.403544649,31.06951225,44.07044408,
350,0,350,0,1184,1750,267,7.0,0.0,30.0,0.0,700,0.381428571,0.23858214,0.5,0.596455351,0.403544649,33.49483984,47.156498490000004,
350,0,350,0,1322,851,276,3.9,0.0,70.0,0.0,700,0.394285714,0.322135297,0.5,0.391624482,0.608375518,21.9770475,36.55371927,37.1972302
350,100,0,0,1250,1850,266,4.5,0.0,0.0,0.0,450,0.591111111,0.14516129,0.222222222,0.596774194,0.403225806,14.33008834,20.990440175000003,25.26340244
350,100,0,0,1550,1725,266,4.5,0.0,90.0,0.0,450,0.591111111,0.13740458,0.222222222,0.526717557,0.473282443,17.64579757,26.523502,28.36366369
350,140,210,0,1300,1800,266,0.0,35.0,0.0,0.0,700,0.38,0.225806452,0.5,0.580645161,0.419354839,44.12396791,59.80530146,67.36640171
350,150,150,0,1160,1900,260,10.0,0.0,40.0,0.0,650,0.4,0.212418301,0.461538462,0.620915033,0.379084967,37.209736325,49.196790865,54.15107001
350,150,150,0,1218,1892,260,9.0,0.0,36.0,0.0,650,0.4,0.209003215,0.461538462,0.608360129,0.391639871,33.60104118,51.6848855,57.17921061
350,150,150,0,1380,1800,247,0.0,0.0,48.0,0.0,650,0.38,0.204402516,0.461538462,0.566037736,0.433962264,43.539532109999996,61.71052321,69.014123935
350,150,250,0,1420,1500,242,0.0,25.0,15.0,0.0,750,0.322666667,0.256849315,0.533333333,0.51369863,0.48630137,43.06783106,61.03894092,70.41704573
350,150,250,0,1420,1500,300,0.0,25.0,15.0,0.0,750,0.4,0.256849315,0.533333333,0.51369863,0.48630137,39.6621069,56.537032,64.66031287
351,0,234,0,1350,1750,267,1.2,35.1,0.0,0.0,585,0.456410256,0.188709677,0.4,0.564516129,0.435483871,28.66065548,40.44064022,
351,0,234,0,1355,1750,271,1.0,27.0,0.0,0.0,585,0.463247863,0.188405797,0.4,0.563607085,0.436392915,24.8900836,37.6453896,
351,185,0,0,1434,1834,273,11.0,0.0,0.0,0.0,536,0.509328358,0.164014688,0.345149254,0.56119951,0.43880049,15.02466701,25.78461155,30.94799211
353,141,212,0,1510,750,283,1.4,14.1,39.0,0.0,706,0.400849858,0.312389381,0.5,0.331858407,0.668141593,33.5774812,46.0569968,
353,212,141,0,1510,750,283,1.4,0.0,38.8,0.0,706,0.400849858,0.312389381,0.5,0.331858407,0.668141593,32.0261602,46.51664747,
353,212,141,0,1510,750,283,1.4,0.0,39.0,0.0,706,0.400849858,0.312389381,0.5,0.331858407,0.668141593,32.63479467,46.32371842,50.91362396
360,0,240,0,1290,1610,292,6.0,0.0,30.0,0.0,600,0.486666667,0.206896552,0.4,0.555172414,0.444827586,30.80101438,40.54649246,
360,0,240,0,1305,1655,262,7.0,0.0,37.0,0.0,600,0.436666667,0.202702703,0.4,0.559121622,0.440878378,26.408122715,39.427789524999994,37.32219773
360,0,240,0,1320,1650,263,2.5,0.0,16.0,0.0,600,0.438333333,0.202020202,0.4,0.555555556,0.444444444,27.7686459,40.10069024,
360,0,240,0,1335,1725,264,3.0,0.0,36.0,0.0,600,0.44,0.196078431,0.4,0.56372549,0.43627451,30.885028266666666,46.010209383333326,
360,0,240,0,1350,1700,270,2.5,0.0,17.0,0.0,600,0.45,0.196721311,0.4,0.557377049,0.442622951,28.07183424,42.819906195,53.1068889
360,0,240,0,1360,1700,264,4.0,0.0,16.0,0.0,600,0.44,0.196078431,0.4,0.555555556,0.444444444,29.67298404,40.02108408,
360,0,240,0,1385,1800,270,0.0,0.0,39.0,0.0,600,0.45,0.188383046,0.4,0.565149137,0.434850863,30.228905575,43.96274765,
360,0,240,0,1492,1700,283,0.0,0.0,24.0,0.0,600,0.471666667,0.187969925,0.4,0.532581454,0.467418546,29.415122,46.84787665,47.83365758
360,0,240,0,1538,825,292,6.0,18.0,0.0,0.0,600,0.486666667,0.253914515,0.4,0.349132459,0.650867541,21.00603547,39.13925427,39.7827652
361,0,264,0,1153,1940,250,3.8,0.0,34.2,0.0,625,0.4,0.202069188,0.4224,0.627222761,0.372777239,39.04732413,45.09939124,
366,0,244,0,1174,1775,267,3.5,21.2,0.0,0.0,610,0.437704918,0.20684978,0.4,0.601898949,0.398101051,27.93986577,40.73489872,
366,0,244,0,1238,1770,258,2.4,0.0,21.2,0.0,610,0.42295082,0.202792553,0.4,0.588430851,0.411569149,26.18089318,38.82073993,
366,0,244,0,1238,1770,262,2.4,0.0,21.2,0.0,610,0.429508197,0.202792553,0.4,0.588430851,0.411569149,26.635132365,36.820891215,
366,0,244,0,1350,1750,250,3.4,20.3,0.0,0.0,610,0.409836066,0.196774194,0.4,0.564516129,0.435483871,24.37332482,38.51283291,
366,0,380,14,1365,1550,273,7.6,0.0,86.0,0.0,746,0.365951743,0.255917667,0.509383378,0.531732419,0.468267581,46.75075993,56.40709229,71.56482739
367,0,244,0,1340,1550,300,1.5,24.4,24.0,0.0,611,0.490998363,0.211418685,0.399345336,0.53633218,0.46366782,29.82845545,45.80336813,
367,0,244,0,1340,1800,283,0.0,0.0,32.0,0.0,611,0.463175123,0.194585987,0.399345336,0.573248408,0.426751592,34.21278409,51.58716888,
370,153,225,0,1240,1675,263,0.0,0.0,30.0,0.0,748,0.351604278,0.256603774,0.505347594,0.574614065,0.425385935,40.81751785,60.44950128,65.93877195
372,0,248,0,1260,1700,258,2.1,24.8,40.3,0.0,620,0.416129032,0.209459459,0.4,0.574324324,0.425675676,35.34943452,49.56413139,
375,0,250,0,1200,1850,279,3.1,0.0,0.0,0.0,625,0.4464,0.204918033,0.4,0.606557377,0.393442623,24.44575462,38.26061434,
375,0,250,0,1200,1850,279,3.1,0.0,100.0,0.0,625,0.4464,0.204918033,0.4,0.606557377,0.393442623,27.31751462,39.57801172,
375,0,250,0,1300,1650,262,2.0,0.0,39.0,0.0,625,0.4192,0.211864407,0.4,0.559322034,0.440677966,33.19724033,46.53747539,55.75562587
375,0,250,0,1320,1725,263,4.0,0.0,39.0,0.0,625,0.4208,0.205254516,0.4,0.566502463,0.433497537,31.0091831,44.56313213,
375,150,225,0,1101,1740,251,8.0,11.3,50.0,0.0,750,0.334666667,0.263991552,0.5,0.612460401,0.387539599,49.52506108,69.6887867,70.83476254
375,150,225,0,1350,1550,263,7.5,0.0,67.5,0.0,750,0.350666667,0.25862069,0.5,0.534482759,0.465517241,51.9175428,67.1894362,69.95883147
378,0,252,0,1219,1900,280,0.0,0.0,44.1,0.0,630,0.444444444,0.201987817,0.4,0.609169606,0.390830394,31.03533564,44.58056716,
378,0,252,0,1402,1500,284,7.9,18.9,0.0,0.0,630,0.450793651,0.217091661,0.4,0.516884907,0.483115093,27.4556238,37.60881603,
378,0,252,0,1567,775,304,6.3,18.2,44.1,0.0,630,0.482539683,0.269000854,0.4,0.330913749,0.669086251,18.73689334,35.42164806,
378,0,252,0,1567,775,304,6.3,18.9,63.0,0.0,630,0.482539683,0.269000854,0.4,0.330913749,0.669086251,25.7864024,42.6613275,
380,180,40,0,1215,1925,229,1.5,24.0,30.0,0.0,600,0.381666667,0.191082803,0.366666667,0.613057325,0.386942675,39.13853606,51.05684693,58.0717545
385,165,0,0,1250,1900,220,1.7,0.0,33.0,0.0,550,0.4,0.174603175,0.3,0.603174603,0.396825397,33.48883429,41.97923874,46.11609474
385,165,0,0,1300,1860,220,6.0,0.0,33.0,0.0,550,0.4,0.174050633,0.3,0.588607595,0.411392405,30.2679964,42.1269836,48.5391104
385,165,0,0,1300,1860,220,6.0,8.0,33.0,0.0,550,0.4,0.174050633,0.3,0.588607595,0.411392405,32.51091021,44.16086153,51.10428145
388,160,447,0,1234,1606,244,0.0,0.0,80.0,0.0,995,0.245226131,0.350352113,0.610050251,0.565492958,0.434507042,64.65216452,79.86430333,88.37550151
390,0,260,0,1068,2000,260,6.5,52.0,0.0,0.0,650,0.4,0.211864407,0.4,0.651890482,0.348109518,33.14710302,42.24189627,
390,0,260,0,1081,2000,260,6.5,52.0,0.0,0.0,650,0.4,0.210970464,0.4,0.64913989,0.35086011,32.46282833,39.59660668,
390,0,260,0,1235,1830,225,10.0,0.0,51.0,0.0,650,0.346153846,0.212071778,0.4,0.597063622,0.402936378,44.77325815,59.26082508,60.7083618
390,0,260,0,1295,1550,300,1.6,0.0,32.5,0.0,650,0.461538462,0.228471002,0.4,0.544815466,0.455184534,35.6286723,54.640973,
390,0,260,0,1300,1725,260,3.0,0.0,44.0,0.0,650,0.4,0.214876033,0.4,0.570247934,0.429752066,36.651789225,46.89434726,53.17897048
390,0,260,0,1325,1700,260,3.0,0.0,40.0,0.0,650,0.4,0.214876033,0.4,0.561983471,0.438016529,36.03312385,49.814641,
390,0,260,0,1360,1705,259,0.0,0.0,48.0,0.0,650,0.398461538,0.212071778,0.4,0.556280587,0.443719413,43.31734364,59.42823469,63.81592863
390,0,260,0,1360,1805,293,0.0,0.0,50.0,0.0,650,0.450769231,0.205371248,0.4,0.570300158,0.429699842,39.2656582,63.61565227,
390,0,260,0,1445,1600,259,0.0,45.0,45.0,0.0,650,0.398461538,0.213464696,0.4,0.52545156,0.47454844,37.60599097,52.4174129,
390,0,260,0,1495,1600,280,15.0,0.0,76.0,0.0,650,0.430769231,0.210016155,0.4,0.516962843,0.483037157,35.19959661,49.52293962,
394,0,263,0,945,2050,263,3.0,20.0,0.0,0.0,657,0.400304414,0.219365609,0.400304414,0.684474124,0.315525876,23.7352113,40.21943333,
394,0,264,0,1134,1870,265,7.4,0.0,14.6,0.0,658,0.402735562,0.219041278,0.401215805,0.622503329,0.377496671,33.04888293,42.81186309,
394,0,264,0,1160,1870,265,7.0,19.7,0.0,0.0,658,0.402735562,0.217161716,0.401215805,0.617161716,0.382838284,28.3374636,41.08127833499999,
395,0,130,0,1300,1870,259,6.0,16.0,0.0,0.0,525,0.493333333,0.165615142,0.247619048,0.589905363,0.410094637,31.15569675,36.79680375,
395,0,170,0,1310,1800,254,4.5,12.9,0.0,0.0,565,0.449557522,0.181672026,0.300884956,0.578778135,0.421221865,25.4244275,36.5767018,
395,0,170,0,1315,1800,254,5.6,11.3,0.0,0.0,565,0.449557522,0.181380417,0.300884956,0.577849117,0.422150883,28.435139365,35.648207455000005,
395,0,170,0,1315,1800,254,5.6,13.0,0.0,0.0,565,0.449557522,0.181380417,0.300884956,0.577849117,0.422150883,27.752474720000002,34.78996618,
395,0,170,0,1330,1800,254,4.5,0.0,22.6,0.0,565,0.449557522,0.180511182,0.300884956,0.575079872,0.424920128,29.08439593,38.03609267,
395,0,170,0,1330,1800,254,5.6,11.3,0.0,0.0,565,0.449557522,0.180511182,0.300884956,0.575079872,0.424920128,27.406671,37.576442,
395,0,170,0,1340,1800,254,1.0,3.0,0.0,0.0,565,0.449557522,0.179936306,0.300884956,0.573248408,0.426751592,29.79455621,40.85260213,
395,0,170,0,1340,1800,254,5.0,17.0,0.0,0.0,565,0.449557522,0.179936306,0.300884956,0.573248408,0.426751592,27.234302,39.13465776,41.0582958
395,0,170,0,1340,1800,254,5.7,17.1,0.0,0.0,565,0.449557522,0.179936306,0.300884956,0.573248408,0.426751592,26.45634325,35.50715216,
395,0,263,0,1200,1850,240,6.5,23.1,0.0,384.0,658,0.364741641,0.215737705,0.399696049,0.606557377,0.393442623,31.20568376,43.69760993,
395,0,263,0,1210,1750,263,7.4,0.0,66.0,0.0,658,0.399696049,0.222297297,0.399696049,0.591216216,0.408783784,32.233003,44.49745893,
395,0,263,0,1225,1800,264,5.3,39.5,0.0,0.0,658,0.401215805,0.217520661,0.399696049,0.595041322,0.404958678,29.9577322,41.540929,42.747512
396,0,215,0,1190,1780,275,4.3,0.0,18.3,0.0,611,0.450081833,0.205723906,0.35188216,0.599326599,0.400673401,23.2353412,36.28942013,
396,0,215,0,1190,1780,275,4.3,18.3,0.0,0.0,611,0.450081833,0.205723906,0.35188216,0.599326599,0.400673401,27.4411448,36.86398347,
396,0,264,0,1026,1880,275,3.0,0.0,19.8,0.0,660,0.416666667,0.227116311,0.4,0.646937371,0.353062629,29.0958872,39.13925427,
396,0,264,0,1160,1860,224,11.9,0.0,100.0,0.0,660,0.339393939,0.218543046,0.4,0.61589404,0.38410596,32.56896585,46.49092186,
396,0,264,0,1203,1750,267,6.0,0.0,26.4,0.0,660,0.404545455,0.223501524,0.4,0.592617677,0.407382323,30.54984657,40.634871835,52.611396424999995
396,0,264,0,1250,1750,275,2.8,0.0,0.0,0.0,660,0.416666667,0.22,0.4,0.583333333,0.416666667,28.25630019,43.1564243,
396,0,264,0,1275,1750,262,3.0,23.6,0.0,0.0,660,0.396969697,0.218181818,0.4,0.578512397,0.421487603,28.85227235,43.77187634,
396,0,264,0,1311,1800,246,2.7,0.0,24.7,0.0,660,0.372727273,0.212150434,0.4,0.578592093,0.421407907,36.46753477,48.5039982,
396,0,264,0,1337,1500,292,5.0,0.0,6.6,0.0,660,0.442424242,0.232640113,0.4,0.528727529,0.471272471,27.6479876,39.3510219,
396,0,264,0,1400,1700,260,0.0,0.0,46.2,0.0,660,0.393939394,0.212903226,0.4,0.548387097,0.451612903,38.30680306,59.27902502,60.21188155
400,0,140,0,1215,1975,208,1.8,0.0,0.0,0.0,540,0.385185185,0.169278997,0.259259259,0.619122257,0.380877743,22.1494165,35.28967993,
400,0,160,0,1110,1920,254,6.5,0.0,6.0,0.0,560,0.453571429,0.184818482,0.285714286,0.633663366,0.366336634,27.7858828,35.2322236,
400,0,164,0,1121,1940,233,6.0,0.0,0.0,0.0,564,0.413120567,0.184253512,0.290780142,0.633779811,0.366220189,27.406671,40.80165751,
400,0,175,0,1129,1900,259,3.8,0.0,5.8,0.0,575,0.450434783,0.189831628,0.304347826,0.627269726,0.372730274,20.2188837,31.56650953,
400,0,260,0,885,2150,225,7.0,20.0,26.0,384.0,660,0.340909091,0.217462932,0.393939394,0.708401977,0.291598023,44.96245365,58.26761676,
400,0,260,0,1069,1850,242,8.5,0.0,0.0,0.0,660,0.366666667,0.22610483,0.393939394,0.633778691,0.366221309,28.908743715,43.765145745,
400,0,400,0,1187,1760,248,5.0,0.0,55.0,0.0,800,0.31,0.271462504,0.5,0.597217509,0.402782491,51.04200273,75.07988066,75.10827085
400,100,0,0,1427,1750,250,6.3,0.0,10.0,0.0,500,0.5,0.157381177,0.2,0.55083412,0.44916588,16.17970347,23.83288707,
400,100,0,0,1445,1700,264,3.3,35.0,28.0,0.0,500,0.528,0.158982512,0.2,0.540540541,0.459459459,21.54490347,29.87983849,34.32816285
400,150,200,0,928,1977,254,6.0,0.0,30.0,0.0,750,0.338666667,0.258175559,0.466666667,0.680550775,0.319449225,44.27865944,58.68518066,67.83362309
400,175,0,0,1280,1925,219,1.1,28.7,0.0,0.0,575,0.380869565,0.179407176,0.304347826,0.600624025,0.399375975,38.17060808,47.05455511,54.11045952
400,200,0,0,1233,1820,242,1.0,0.0,39.0,0.0,600,0.403333333,0.196528005,0.333333333,0.596134949,0.403865051,35.1115653,46.29615879,
400,200,0,0,1496,775,259,1.0,0.0,36.0,0.0,600,0.431666667,0.264200793,0.333333333,0.341259357,0.658740643,18.88368691,27.91210433,32.2079926
400,200,0,0,1496,775,296,1.0,50.0,0.0,0.0,600,0.493333333,0.264200793,0.333333333,0.341259357,0.658740643,28.60894478,40.17901577,41.80379173
405,0,135,0,1411,1900,284,5.4,16.2,0.0,0.0,540,0.525925926,0.163092721,0.25,0.57384476,0.42615524,16.3061074,27.3721972,
405,0,270,0,1490,1650,260,0.0,0.0,49.0,0.0,675,0.385185185,0.214968153,0.4,0.525477707,0.474522293,38.8864464,54.49158653,58.15347018
405,0,325,0,1300,1600,254,3.6,10.0,0.0,0.0,730,0.347945205,0.251724138,0.445205479,0.551724138,0.448275862,34.78093022,47.1601584,
405,125,175,0,1255,800,245,18.0,0.0,20.0,0.0,705,0.34751773,0.343065693,0.425531915,0.389294404,0.610705596,18.2366402,29.48659027,31.00343747
405,135,0,0,1359,1750,259,0.0,16.0,0.0,0.0,540,0.47962963,0.173689289,0.25,0.562881956,0.437118044,27.5393429,37.53182885,42.9715917
405,150,150,0,1132,1750,267,4.0,0.0,35.0,0.0,705,0.378723404,0.24462179,0.425531915,0.60721721,0.39278279,38.28430403,55.62998802,
405,150,150,0,1132,1750,267,10.0,20.0,70.5,36.0,705,0.378723404,0.24462179,0.425531915,0.60721721,0.39278279,40.12508928,54.22414928,60.69687053
408,0,272,0,1142,1760,271,8.5,20.0,0.0,0.0,680,0.398529412,0.234321158,0.4,0.606478291,0.393521709,28.49381289,44.556425295,41.80063163
408,0,272,0,1386,1400,296,6.3,20.4,27.2,0.0,680,0.435294118,0.244077531,0.4,0.502512563,0.497487437,26.93552907,44.68849307,
410,110,0,0,1460,1650,271,1.0,15.6,18.2,0.0,520,0.521153846,0.167202572,0.211538462,0.530546624,0.469453376,26.54865642,34.58583985,36.95399839
413,137,0,0,1380,1700,258,3.5,0.0,35.0,0.0,550,0.469090909,0.178571429,0.249090909,0.551948052,0.448051948,29.23569761,38.78685542,
414,0,174,0,1085,2100,217,2.9,11.2,0.0,0.0,588,0.369047619,0.184615385,0.295918367,0.659340659,0.340659341,26.65973867,34.4738,
415,103,172,0,1150,1900,311,0.0,13.8,0.0,0.0,690,0.450724638,0.226229508,0.398550725,0.62295082,0.37704918,21.4082298,43.95573661,52.49867257
416,0,264,0,1120,1850,283,5.1,0.0,81.6,9.0,680,0.416176471,0.228956229,0.388235294,0.622895623,0.377104377,26.06835885,42.68806385,43.24894909
416,0,264,0,1120,1850,284,5.1,20.4,81.6,0.0,680,0.417647059,0.228956229,0.388235294,0.622895623,0.377104377,26.72380605,42.28153631,44.41374567
420,0,180,0,1205,1870,260,3.5,45.0,0.0,192.0,600,0.433333333,0.195121951,0.3,0.608130081,0.391869919,28.4753588,42.6096168,
420,0,180,0,1228,1870,260,3.0,45.0,0.0,0.0,600,0.433333333,0.193673338,0.3,0.603615236,0.396384764,29.02263038,37.45865652,
420,0,180,0,1228,1870,260,4.8,36.0,0.0,0.0,600,0.433333333,0.193673338,0.3,0.603615236,0.396384764,29.00395707,41.23832564,
420,0,180,0,1235,1870,265,4.8,24.0,0.0,0.0,600,0.441666667,0.193236715,0.3,0.602254428,0.397745572,29.15621635,40.664719919999996,
420,0,240,0,1050,2050,235,20.0,0.0,78.0,384.0,660,0.356060606,0.212903226,0.363636364,0.661290323,0.338709677,35.3370715,45.31039279,
420,0,240,0,1050,2050,240,7.0,0.0,60.0,0.0,660,0.363636364,0.212903226,0.363636364,0.661290323,0.338709677,36.21127952,49.35499033,
420,0,280,0,920,2050,267,7.0,56.0,35.0,0.0,700,0.381428571,0.235690236,0.4,0.69023569,0.30976431,23.097446,48.1426617,
420,0,280,0,1024,2000,231,16.5,0.0,84.0,512.0,700,0.33,0.231481481,0.4,0.661375661,0.338624339,40.4477265,51.62244707,
420,0,280,0,1062,2000,232,9.0,24.0,84.0,512.0,700,0.331428571,0.228608752,0.4,0.653167864,0.346832136,40.88041099,54.17125379,
420,0,280,0,1062,2000,238,16.5,0.0,84.0,384.0,700,0.34,0.228608752,0.4,0.653167864,0.346832136,38.7313143,46.6085776,
420,0,280,0,1062,2000,240,16.5,0.0,84.0,512.0,700,0.342857143,0.228608752,0.4,0.653167864,0.346832136,39.87124795,55.79929268,
420,0,280,0,1062,2000,259,16.5,0.0,84.0,128.0,700,0.37,0.228608752,0.4,0.653167864,0.346832136,35.3528819,47.229106,
420,0,280,0,1062,2000,259,16.5,0.0,84.0,384.0,700,0.37,0.228608752,0.4,0.653167864,0.346832136,33.65956168,44.20716403,
420,0,280,0,1140,1860,221,11.2,21.0,77.0,512.0,700,0.315714286,0.233333333,0.4,0.62,0.38,37.92118,44.41180099,
420,0,280,0,1144,1800,267,7.0,56.0,35.0,0.0,700,0.381428571,0.237771739,0.4,0.611413043,0.388586957,30.16183898,45.84803254,
420,0,280,0,1190,1750,258,5.0,0.0,28.0,0.0,700,0.368571429,0.238095238,0.4,0.595238095,0.404761905,34.06183809,43.56339193,
420,0,280,0,1375,850,260,3.0,0.0,32.0,0.0,700,0.371428571,0.314606742,0.4,0.382022472,0.617977528,31.0781307,43.8161998,
420,0,280,0,1375,850,279,8.0,0.0,32.0,0.0,700,0.398571429,0.314606742,0.4,0.382022472,0.617977528,28.4753588,41.8511932,42.8509334
420,0,280,0,1488,1500,231,10.0,14.0,98.0,384.0,700,0.33,0.234270415,0.4,0.502008032,0.497991968,32.07681017,46.85931704,
420,0,280,40,1127,1700,271,8.8,21.0,84.0,0.0,700,0.387142857,0.24761231,0.4,0.601344181,0.398655819,29.0958872,53.01352236,
420,0,280,40,1127,1700,271,8.8,21.0,84.0,512.0,700,0.387142857,0.24761231,0.4,0.601344181,0.398655819,30.25506873,54.90670854,
420,0,280,40,1159,1700,243,8.8,21.0,84.0,512.0,700,0.347142857,0.244840853,0.4,0.594613501,0.405386499,38.34693143,59.3403707,
420,0,280,40,1159,1700,250,8.8,21.0,84.0,384.0,700,0.357142857,0.244840853,0.4,0.594613501,0.405386499,36.25877676,54.47243442,
420,140,190,0,1060,1800,300,10.8,0.0,35.0,0.0,750,0.4,0.262237762,0.44,0.629370629,0.370629371,39.51308408,52.40920485,
420,180,0,0,1190,1874,288,8.0,0.0,29.0,0.0,600,0.48,0.195822454,0.3,0.611618799,0.388381201,36.53730317,47.5393702,53.47378863
420,180,0,0,1190,1900,240,3.5,0.0,36.0,0.0,600,0.4,0.194174757,0.3,0.614886731,0.385113269,34.88231453,45.03102182,51.8172152
420,180,0,0,1190,1901,229,6.0,0.0,29.0,0.0,600,0.381666667,0.194111938,0.3,0.615011323,0.384988677,36.50430682,47.21704017,54.94089506
420,180,0,0,1190,1901,288,8.0,0.0,29.0,0.0,600,0.48,0.194111938,0.3,0.615011323,0.384988677,38.26819406,50.110959486,57.66396340599999
420,180,0,0,1190,1920,240,2.7,0.0,27.0,0.0,600,0.4,0.192926045,0.3,0.617363344,0.382636656,30.12148275,42.78773143,
420,180,0,0,1190,1920,240,5.0,12.0,27.0,0.0,600,0.4,0.192926045,0.3,0.617363344,0.382636656,31.3022104,43.41400547,
420,180,0,0,1190,1950,228,8.0,0.0,29.0,0.0,600,0.38,0.191082803,0.3,0.621019108,0.378980892,35.1977498,49.13255224,53.94164734
420,180,0,0,1270,1950,240,0.0,0.0,0.0,0.0,600,0.4,0.186335404,0.3,0.605590062,0.394409938,31.377478195000002,40.176660285,46.4017348
420,180,0,0,1370,1900,240,0.0,0.0,0.0,0.0,600,0.4,0.183486239,0.3,0.581039755,0.418960245,33.02015477,42.21891373,48.6770056
423,0,280,0,1350,1700,268,0.0,0.0,49.2,0.0,703,0.381223329,0.230491803,0.39829303,0.557377049,0.442622951,42.31228028,53.06666947,56.92116863
423,0,282,0,1210,1660,271,7.1,21.2,0.0,0.0,705,0.384397163,0.245644599,0.4,0.578397213,0.421602787,30.6127344,44.56313213,
423,0,282,0,1300,800,283,4.0,0.0,56.4,0.0,705,0.40141844,0.335714286,0.4,0.380952381,0.619047619,34.96383517,49.1947111,
423,0,285,0,1225,1750,283,0.6,0.0,32.7,0.0,708,0.399717514,0.237983193,0.402542373,0.588235294,0.411764706,34.84861868,46.29285505,48.00415814
423,0,285,0,1225,1750,283,4.4,0.0,25.0,0.0,708,0.399717514,0.237983193,0.402542373,0.588235294,0.411764706,31.18401451,41.15022593,
423,0,285,0,1225,1750,283,6.0,0.0,25.0,0.0,708,0.399717514,0.237983193,0.402542373,0.588235294,0.411764706,29.38822502,44.08509544,
423,0,285,0,1350,1650,250,2.4,0.0,60.0,0.0,708,0.353107345,0.236,0.402542373,0.55,0.45,33.611955,48.4012152,
423,141,0,0,1346,1725,255,2.8,16.8,0.0,0.0,564,0.45212766,0.183653533,0.25,0.561706285,0.438293715,24.9590312,34.7495904,36.7835446
425,140,0,0,1523,1650,242,10.0,0.0,45.0,0.0,565,0.428318584,0.178064923,0.247787611,0.520012606,0.479987394,23.6490268,32.83875691,
426,0,284,0,1335,1500,258,3.5,0.0,6.6,0.0,710,0.363380282,0.250440917,0.4,0.529100529,0.470899471,30.1990488,45.75822387,
426,0,284,0,1335,1500,292,5.0,0.0,6.6,0.0,710,0.411267606,0.250440917,0.4,0.529100529,0.470899471,28.613254,39.5069748,
426,0,284,0,1360,1500,315,2.4,0.0,27.4,0.0,710,0.443661972,0.248251748,0.4,0.524475524,0.475524476,30.9738885,43.67994621,
427,183,0,0,1253,1710,254,7.3,37.0,0.0,0.0,610,0.416393443,0.205872427,0.3,0.577117786,0.422882214,29.6819418,40.4032936,
427,183,0,0,1263,1710,225,6.0,0.0,12.2,0.0,610,0.368852459,0.205179953,0.3,0.575176589,0.424823411,25.165874,39.27714947,
427,183,0,0,1273,1710,259,9.0,0.0,12.2,0.0,610,0.424590164,0.204492122,0.3,0.573248408,0.426751592,31.1815521,39.48399227,
427,183,0,0,1273,1710,300,9.0,0.0,12.2,0.0,610,0.491803279,0.204492122,0.3,0.573248408,0.426751592,31.2849735,39.82298463,
428,0,183,0,1299,1550,308,5.3,24.4,0.0,0.0,611,0.504091653,0.214461214,0.299509002,0.544050544,0.455949456,24.74726357,37.72309245,
428,0,183,0,1340,1550,225,1.0,4.0,0.0,0.0,611,0.368248773,0.211418685,0.299509002,0.53633218,0.46366782,33.1982694,45.01129153,
428,0,183,0,1340,1550,308,1.5,0.0,4.0,0.0,611,0.504091653,0.211418685,0.299509002,0.53633218,0.46366782,31.44700036,45.46864395,
428,0,183,0,1420,775,290,0.2,0.0,36.7,0.0,611,0.474631751,0.278359909,0.299509002,0.353075171,0.646924829,26.6137736,44.0230426,
428,0,188,0,1290,1800,234,1.0,0.0,3.0,0.0,616,0.37987013,0.199352751,0.305194805,0.582524272,0.417475728,31.5090532,46.1259444,
428,183,0,0,1254,1475,308,6.1,24.4,0.0,0.0,611,0.504091653,0.223891535,0.299509002,0.540491022,0.459508978,21.9942844,31.47990086,35.46304817
429,231,0,0,1155,1900,250,13.2,39.5,0.0,0.0,660,0.378787879,0.21603928,0.35,0.62193126,0.37806874,32.58110083,47.95578129,55.58235857
430,0,140,0,992,2300,230,2.3,0.0,57.0,0.0,570,0.403508772,0.173147023,0.245614035,0.698663426,0.301336574,40.99379305,53.4648703,
430,0,140,0,992,2300,230,11.5,0.0,70.0,0.0,570,0.403508772,0.173147023,0.245614035,0.698663426,0.301336574,41.24962539,48.54313837,
430,0,190,40,1188,1800,260,16.5,20.0,79.0,0.0,620,0.419354839,0.207496653,0.306451613,0.602409639,0.397590361,41.81856386,53.92832295,
430,0,230,0,1200,1800,292,6.0,25.0,0.0,0.0,660,0.442424242,0.22,0.348484848,0.6,0.4,27.70699392,38.492679,42.18428252
435,190,0,0,1200,1780,235,6.0,12.0,44.0,0.0,625,0.376,0.209731544,0.304,0.597315436,0.402684564,36.50974307,47.68463385,55.3148516
436,146,0,0,1156,1952,216,9.5,0.0,40.0,0.0,582,0.371134021,0.187258687,0.250859107,0.628056628,0.371943372,36.75034761,47.3670012,52.68992008
440,0,190,50,1090,1850,244,10.0,20.4,82.0,448.0,630,0.387301587,0.214285714,0.301587302,0.629251701,0.370748299,37.88594012,51.13843492,
440,0,210,55,1037,2000,244,10.5,21.0,85.0,512.0,650,0.375384615,0.214027,0.323076923,0.658544616,0.341455384,38.64306137,50.62231289,
440,0,210,55,1071,2000,260,10.5,21.0,70.0,512.0,650,0.4,0.211657441,0.323076923,0.651253663,0.348746337,47.13307184,60.3315275,
440,0,210,55,1071,2000,260,10.5,21.0,85.0,512.0,650,0.4,0.211657441,0.323076923,0.651253663,0.348746337,43.6438308,57.4678246,
440,110,0,0,1208,2108,220,4.4,11.0,11.0,0.0,550,0.4,0.165862485,0.2,0.635705669,0.364294331,21.029018,25.3727168,
440,240,0,0,1010,1900,286,0.0,20.4,0.0,0.0,680,0.420588235,0.233676976,0.352941176,0.652920962,0.347079038,22.67039033,33.50311319,39.2311844
441,189,0,0,1310,1650,230,17.0,28.0,38.5,384.0,630,0.365079365,0.212837838,0.3,0.557432432,0.442567568,34.68388739,46.88590017,51.04931376
441,189,0,0,1400,1574,219,13.0,28.0,38.5,384.0,630,0.347619048,0.211835911,0.3,0.529253531,0.470746469,37.07082627,47.82841975,54.14455028
441,189,0,0,1400,1574,223,17.0,24.0,34.7,384.0,630,0.353968254,0.211835911,0.3,0.529253531,0.470746469,30.6989189,39.21969313,44.126464
442,0,340,68,1112,1832,255,22.0,0.0,80.0,0.0,782,0.326086957,0.265625,0.434782609,0.622282609,0.377717391,80.82249818,93.43921025,103.1593991
445,195,0,0,1000,2121,237,6.4,0.0,89.0,0.0,640,0.3703125,0.20506248,0.3046875,0.679589875,0.320410125,30.12625605,40.04774292,47.42220157
448,112,0,0,1334,1710,258,7.0,0.0,5.6,0.0,560,0.460714286,0.183968463,0.2,0.561760841,0.438239159,20.8221752,28.03869067,
450,0,150,0,1096,2118,238,6.0,0.0,84.0,0.0,600,0.396666667,0.186683261,0.25,0.65899191,0.34100809,34.2669572,44.20230636,
450,0,150,0,1210,1870,265,4.8,24.0,0.0,0.0,600,0.441666667,0.194805195,0.25,0.607142857,0.392857143,25.84988107,36.56776415,
450,0,150,0,1210,1870,265,5.5,24.0,11.6,0.0,600,0.441666667,0.194805195,0.25,0.607142857,0.392857143,29.94206229,34.73809913,
450,0,150,0,1295,1800,275,4.2,14.0,0.0,0.0,600,0.458333333,0.193861066,0.25,0.581583199,0.418416801,29.91833357,38.82611725,
450,0,210,40,951,2000,273,10.5,21.0,84.0,0.0,660,0.413636364,0.223652999,0.318181818,0.677736361,0.322263639,36.67968016,46.85465685,
450,0,210,40,985,2000,232,10.5,21.0,84.0,512.0,660,0.351515152,0.221105528,0.318181818,0.67001675,0.32998325,33.49198618,45.4738971,
450,0,210,50,1024,2000,233,14.0,0.0,84.0,512.0,660,0.353030303,0.218253968,0.318181818,0.661375661,0.338624339,27.9754887,46.39546684,
450,0,250,50,1490,1175,250,4.0,10.0,40.0,0.0,700,0.357142857,0.262664165,0.357142857,0.440900563,0.559099437,42.21891373,43.89663867,50.54844046
450,0,300,0,1750,1000,292,6.0,0.0,30.0,0.0,750,0.389333333,0.272727273,0.4,0.363636364,0.636363636,29.22450099,44.14038611,
450,50,150,0,1550,1490,293,0.0,0.0,18.0,0.0,650,0.450769231,0.213815789,0.307692308,0.490131579,0.509868421,32.2847137,50.45527912,57.51091685
450,125,0,0,1358,1650,266,5.8,31.9,0.0,0.0,575,0.462608696,0.191156915,0.217391304,0.548537234,0.451462766,23.2008674,31.4401056,
450,130,0,0,1420,1650,190,1.5,17.4,23.2,0.0,580,0.327586207,0.188925081,0.224137931,0.537459283,0.462540717,32.17834941,39.80156909,44.45741248
450,130,0,0,1420,1650,267,1.5,17.4,23.2,0.0,580,0.460344828,0.188925081,0.224137931,0.537459283,0.462540717,27.35285357,37.65228436,43.27533739
450,130,0,0,1560,1500,267,0.3,11.6,14.5,0.0,580,0.460344828,0.189542484,0.224137931,0.490196078,0.509803922,34.6806428,39.86320407,45.80090571
450,150,0,0,1270,1740,270,5.0,0.0,12.0,0.0,600,0.45,0.199335548,0.25,0.57807309,0.42192691,26.45289587,36.70885137,
450,150,0,0,1270,1740,270,11.0,0.0,12.0,0.0,600,0.45,0.199335548,0.25,0.57807309,0.42192691,24.14544952,33.18677813,
450,150,0,0,1475,1400,362,0.0,24.0,0.0,0.0,600,0.603333333,0.208695652,0.25,0.486956522,0.513043478,27.4756186,36.56521053,
450,150,0,0,1540,1575,276,0.0,0.0,36.0,0.0,600,0.46,0.192616372,0.25,0.505617978,0.494382022,29.00108425,38.8002619,
450,190,0,0,1008,2000,248,13.0,23.0,70.0,512.0,640,0.3875,0.212765957,0.296875,0.664893617,0.335106383,39.95896462,47.85528584,
450,190,0,0,1010,2000,243,12.4,0.0,42.0,512.0,640,0.3796875,0.212624585,0.296875,0.664451827,0.335548173,21.9253368,34.45950599,34.83535449
450,193,0,0,1070,2000,239,5.1,25.7,0.0,0.0,643,0.371695179,0.209446254,0.300155521,0.651465798,0.348534202,24.67070487,37.72780972,42.2676367
450,193,0,0,1420,1580,251,8.8,0.0,71.2,0.0,643,0.390357698,0.214333333,0.300155521,0.526666667,0.473333333,23.8903434,39.34331131,40.97785693
451,0,113,0,1400,1775,242,4.8,0.0,13.1,0.0,564,0.429078014,0.177637795,0.20035461,0.559055118,0.440944882,21.76622695,35.31102086,
452,0,300,0,1190,1550,266,1.9,0.0,37.6,0.0,752,0.353723404,0.274452555,0.39893617,0.565693431,0.434306569,41.47463323,54.56495385,
455,0,195,0,1156,1900,260,4.8,19.5,0.0,0.0,650,0.4,0.212696335,0.3,0.621727749,0.378272251,26.31249348,37.342821875,38.0590752
455,0,195,0,1240,1610,225,1.5,0.0,5.0,0.0,650,0.346153846,0.228070175,0.3,0.564912281,0.435087719,36.4732804,48.69998813,
455,0,210,40,1152,1800,228,16.5,21.0,79.0,512.0,665,0.342857143,0.225271003,0.315789474,0.609756098,0.390243902,39.13909011,52.51208326,
455,195,0,0,1085,2025,220,9.0,0.0,50.0,0.0,650,0.338461538,0.209003215,0.3,0.651125402,0.348874598,24.51805384,40.0585556,44.32181553
455,195,0,0,1150,1820,200,3.9,0.0,40.0,512.0,650,0.307692308,0.218855219,0.3,0.612794613,0.387205387,43.52029968,56.22756952,62.1045507
455,195,0,0,1150,1820,250,2.6,0.0,40.0,0.0,650,0.384615385,0.218855219,0.3,0.612794613,0.387205387,35.7148568,44.9538352,50.4006956
455,195,0,0,1185,1850,245,9.0,0.0,50.0,0.0,650,0.376923077,0.21416804,0.3,0.609555189,0.390444811,29.9060215,46.53963,
455,195,0,0,1240,1850,234,4.0,0.0,34.1,0.0,650,0.36,0.210355987,0.3,0.598705502,0.401294498,31.29437545,39.32311453,46.56261253
455,195,0,0,1250,1700,239,12.0,0.0,45.0,384.0,650,0.367692308,0.220338983,0.3,0.576271186,0.423728814,34.95006881,48.08036993,56.505153
455,195,0,0,1250,1700,272,11.0,0.0,16.0,0.0,650,0.418461538,0.220338983,0.3,0.576271186,0.423728814,26.85336651,36.8344345,
455,195,0,0,1250,1700,273,5.0,0.0,50.0,0.0,650,0.42,0.220338983,0.3,0.576271186,0.423728814,28.53471766,40.19143845,47.31622669
455,195,0,0,1250,1700,273,6.0,20.0,50.0,0.0,650,0.42,0.220338983,0.3,0.576271186,0.423728814,30.94365167,43.97544018,50.76437687
456,0,155,0,1415,1750,287,0.0,0.0,35.0,0.0,611,0.469721768,0.193048973,0.253682488,0.552922591,0.447077409,34.3703786,45.9018647,
456,0,304,0,1402,1447,279,0.0,0.0,57.0,0.0,760,0.367105263,0.266760267,0.4,0.507897508,0.492102492,41.97599556,50.9386404,56.90110225
460,0,115,0,1310,1725,248,2.3,0.0,35.9,0.0,575,0.431304348,0.189456343,0.2,0.568369028,0.431630972,27.6135138,37.46152933,
460,0,115,0,1350,1725,248,13.0,0.0,0.0,0.0,575,0.431304348,0.18699187,0.2,0.56097561,0.43902439,37.3006516,46.03401427,
460,0,198,0,1228,1800,266,5.1,20.0,0.0,0.0,658,0.404255319,0.217305152,0.300911854,0.594451783,0.405548217,29.28779135,43.15790011,
460,0,245,0,1300,1600,310,6.5,0.0,50.0,0.0,705,0.439716312,0.243103448,0.34751773,0.551724138,0.448275862,30.17706551,40.51854178,43.08041571
460,80,0,0,1210,1800,279,5.4,0.0,7.0,0.0,540,0.516666667,0.179401993,0.148148148,0.598006645,0.401993355,15.71430717,24.03972987,26.03921027
460,100,0,0,1190,1850,282,6.9,17.0,0.0,0.0,560,0.503571429,0.184210526,0.178571429,0.608552632,0.391447368,25.28078667,34.84110267,
460,150,0,0,1591,1416,259,1.5,18.3,18.3,0.0,610,0.424590164,0.202859993,0.245901639,0.47090123,0.52909877,29.2682562,36.0940686,38.610656
460,200,0,0,1250,1750,244,6.6,0.0,80.0,0.0,660,0.36969697,0.22,0.303030303,0.583333333,0.416666667,27.15673595,36.21903613,40.63311893
460,200,0,0,1500,1600,244,0.0,30.0,46.0,0.0,660,0.36969697,0.212903226,0.303030303,0.516129032,0.483870968,26.05453196,35.99830804,44.27689513
461,0,197,0,1240,1800,250,5.3,0.0,79.0,0.0,658,0.37993921,0.216447368,0.299392097,0.592105263,0.407894737,34.77257293,45.505416,
461,0,197,0,1284,1850,292,0.0,0.0,0.0,0.0,658,0.443768997,0.209955329,0.299392097,0.590299936,0.409700064,30.73440664,46.55720488,
461,0,197,0,1364,675,315,6.5,0.0,65.0,0.0,658,0.478723404,0.322707209,0.299392097,0.33104463,0.66895537,29.22229113,36.61883644,
462,0,198,0,1278,1775,263,3.3,0.0,23.1,0.0,660,0.398484848,0.216180806,0.3,0.581395349,0.418604651,32.8535314,43.68979587,
462,0,198,0,1302,1750,258,4.2,0.0,29.7,0.0,660,0.390909091,0.216251638,0.3,0.573394495,0.426605505,33.49776054,44.19110237,
462,0,198,0,1302,1775,263,3.3,0.0,19.7,0.0,660,0.398484848,0.214494638,0.3,0.576860578,0.423139422,32.14838549,43.02789891,
462,0,198,0,1302,1775,272,3.3,0.0,19.7,0.0,660,0.412121212,0.214494638,0.3,0.576860578,0.423139422,29.41764267,38.21995293,
462,198,0,0,990,2118,242,8.0,0.0,26.4,0.0,660,0.366666667,0.212355212,0.3,0.681467181,0.318532819,29.35914167,43.5059356,46.10087255
462,198,0,0,1050,1900,277,11.0,0.0,80.0,0.0,660,0.41969697,0.223728814,0.3,0.644067797,0.355932203,26.92156511,41.56429389,
462,198,0,0,1050,1900,289,0.0,52.8,0.0,132.0,660,0.437878788,0.223728814,0.3,0.644067797,0.355932203,24.60772676,38.83012301,50.5903015
462,198,0,0,1050,1900,289,5.0,0.0,52.8,0.0,660,0.437878788,0.223728814,0.3,0.644067797,0.355932203,27.26590298,44.78699903,
462,198,0,0,1071,1800,272,6.3,0.0,19.7,0.0,660,0.412121212,0.229885057,0.3,0.626959248,0.373040752,26.59695711,35.20636825,
462,198,0,0,1265,1800,261,10.0,0.0,19.7,0.0,660,0.395454545,0.215334421,0.3,0.587275693,0.412724307,26.06985364,35.56834315,
464,113,0,0,1334,1710,258,7.0,0.0,5.6,0.0,577,0.447140381,0.189553219,0.195840555,0.561760841,0.438239159,23.11583203,32.30424885,
464,116,0,0,1316,1710,258,7.3,0.0,11.2,0.0,580,0.444827586,0.191672174,0.2,0.565102445,0.434897555,20.14131765,32.1468185,
464,116,0,0,1316,1710,258,8.0,0.0,0.0,0.0,580,0.444827586,0.191672174,0.2,0.565102445,0.434897555,20.32720401,29.30117479,30.31625972
464,116,0,0,1394,1630,258,7.0,0.0,23.2,0.0,580,0.444827586,0.191798942,0.2,0.539021164,0.460978836,22.37924183,30.91725297,
465,0,155,0,1335,1900,225,2.5,0.0,87.0,0.0,620,0.362903226,0.191653787,0.25,0.587326121,0.412673879,32.68460978,42.65270905,
465,198,0,0,1559,1273,232,2.0,21.0,25.0,384.0,663,0.349924585,0.234110169,0.298642534,0.44950565,0.55049435,38.92313411,49.59535499,57.56325817
468,0,312,0,1006,1803,262,9.8,23.0,55.0,384.0,780,0.335897436,0.277678889,0.4,0.641865433,0.358134567,38.39320588,46.14715905,
470,0,82,0,1460,1725,262,2.8,22.0,0.0,0.0,552,0.474637681,0.173312402,0.148550725,0.541601256,0.458398744,24.312072885,29.647992600000002,
470,190,0,0,1000,2050,235,25.0,0.0,62.0,384.0,660,0.356060606,0.216393443,0.287878788,0.672131148,0.327868852,23.17544297,33.0458952,
473,187,0,0,1150,1775,242,5.0,109.0,20.0,0.0,660,0.366666667,0.225641026,0.283333333,0.606837607,0.393162393,39.49548353,53.13561707,57.7091412
473,187,0,0,1150,1850,233,5.0,109.0,20.0,0.0,660,0.353030303,0.22,0.283333333,0.616666667,0.383333333,36.91893261,49.60917715,54.55685693
473,187,0,0,1150,1850,234,5.0,20.0,109.0,0.0,660,0.354545455,0.22,0.283333333,0.616666667,0.383333333,36.48583954,49.746763665,55.457923199999996
473,207,0,0,1100,1850,233,5.0,109.0,20.0,0.0,680,0.342647059,0.230508475,0.304411765,0.627118644,0.372881356,32.75011,46.39128819,54.96305679
473,207,0,0,1100,1850,234,5.0,0.0,20.0,0.0,680,0.344117647,0.230508475,0.304411765,0.627118644,0.372881356,27.25021298,36.57356782,42.01342285
473,207,0,0,1100,1850,234,5.0,20.0,109.0,0.0,680,0.344117647,0.230508475,0.304411765,0.627118644,0.372881356,28.44143639,39.62672726,45.85297383
474,245,0,0,1410,1720,251,2.1,0.0,25.6,0.0,719,0.349095967,0.22971246,0.340751043,0.549520767,0.450479233,26.0966666,48.5218735,
475,125,0,0,1140,1900,279,7.5,0.0,0.0,0.0,600,0.465,0.197368421,0.208333333,0.625,0.375,26.6137736,33.267217,
476,204,0,0,1180,1750,233,8.8,13.6,27.2,384.0,680,0.342647059,0.232081911,0.3,0.597269625,0.402730375,24.03972987,41.35542712,
476,204,0,0,1180,1750,254,8.0,0.0,34.0,0.0,680,0.373529412,0.232081911,0.3,0.597269625,0.402730375,26.29201813,36.05193396,
476,204,0,0,1180,1750,254,8.8,0.0,27.2,0.0,680,0.373529412,0.232081911,0.3,0.597269625,0.402730375,26.700464824999997,37.254549735,
476,204,0,0,1180,1750,254,28.0,0.0,13.6,0.0,680,0.373529412,0.232081911,0.3,0.597269625,0.402730375,23.74095693,31.83080867,
476,204,0,0,1180,1750,254,28.0,0.0,34.0,0.0,680,0.373529412,0.232081911,0.3,0.597269625,0.402730375,27.492668679999998,38.651853838,37.3695992
476,204,0,0,1180,1750,283,13.6,0.0,34.0,0.0,680,0.416176471,0.232081911,0.3,0.597269625,0.402730375,28.72245425,40.11210001,47.12990588
476,206,0,0,1156,1750,262,4.8,0.0,27.2,0.0,682,0.384164223,0.234686855,0.302052786,0.60220234,0.39779766,31.1815521,39.55293987,
476,206,0,0,1156,1750,263,6.8,0.0,13.6,0.0,682,0.385630499,0.234686855,0.302052786,0.60220234,0.39779766,28.15360333,37.51515524,
480,0,320,0,1260,1450,275,10.0,0.0,32.0,0.0,800,0.34375,0.295202952,0.4,0.535055351,0.464944649,37.25468653,53.87105813,
480,85,0,0,1475,775,260,5.6,21.4,0.0,0.0,565,0.460176991,0.251111111,0.150442478,0.344444444,0.655555556,20.167173,28.56728893,
480,120,0,20,1200,1850,226,3.0,10.0,35.0,0.0,600,0.376666667,0.196721311,0.2,0.606557377,0.393442623,36.06858797,55.6937213,63.1560016
480,120,0,20,1380,1628,242,3.0,10.0,35.0,0.0,600,0.403333333,0.199468085,0.2,0.541223404,0.458776596,34.31292227,41.19044537,
480,144,0,0,1615,1318,238,0.0,30.0,22.0,0.0,624,0.381410256,0.212751449,0.230769231,0.449369247,0.550630753,46.80163088,63.31359611,68.29524963
482,142,0,0,1180,1960,242,2.2,0.0,22.5,0.0,624,0.387820513,0.198726115,0.227564103,0.624203822,0.375796178,36.025121,48.10244227,
482,145,0,0,1612,1316,264,1.0,21.0,20.0,0.0,627,0.421052632,0.214139344,0.231259968,0.449453552,0.550546448,34.88993828,49.73197551,54.73315849
482,145,0,0,1612,1316,267,0.5,0.0,30.0,0.0,627,0.425837321,0.214139344,0.231259968,0.449453552,0.550546448,31.9572126,46.28682213,52.14736813
482,145,0,0,1670,1500,267,0.0,12.5,23.0,0.0,627,0.425837321,0.197791798,0.231259968,0.47318612,0.52681388,36.18599873,51.61015142,53.98341719
482,206,0,0,1013,1870,250,2.0,0.0,5.0,512.0,688,0.363372093,0.238640305,0.299418605,0.648629899,0.351370101,28.4064112,40.18584348,
482,206,0,0,1020,1870,250,12.4,0.0,20.6,0.0,688,0.363372093,0.238062284,0.299418605,0.647058824,0.352941176,30.99508018,39.65964449,
482,206,0,0,1020,1870,262,4.1,0.0,41.3,0.0,688,0.380813953,0.238062284,0.299418605,0.647058824,0.352941176,33.63582148,42.13303164,
482,206,0,0,1105,1770,255,8.9,0.0,34.4,512.0,688,0.370639535,0.239304348,0.299418605,0.615652174,0.384347826,43.58987181,51.42765196,
482,206,0,0,1105,1870,255,1.5,5.0,0.0,0.0,688,0.370639535,0.231260504,0.299418605,0.628571429,0.371428571,34.40960741,43.09881644,49.67987978
482,206,0,0,1143,1870,234,9.0,0.0,55.0,384.0,688,0.340116279,0.228343843,0.299418605,0.620643877,0.379356123,37.6453896,41.22439684,
482,206,0,0,1143,1870,255,9.0,0.0,55.0,384.0,688,0.370639535,0.228343843,0.299418605,0.620643877,0.379356123,39.41044816,44.93217858,62.0183662
483,207,0,0,980,2000,224,5.5,21.0,78.0,512.0,690,0.324637681,0.231543624,0.3,0.67114094,0.32885906,37.4730206,48.0220034,
483,207,0,0,980,2000,248,14.0,0.0,54.0,512.0,690,0.35942029,0.231543624,0.3,0.67114094,0.32885906,32.49730213,53.53186764,62.3113935
484,0,121,0,985,2042,266,0.0,0.0,0.0,0.0,605,0.439669421,0.199867856,0.2,0.674595309,0.325404691,26.683652925,37.213690665,43.13055422
485,0,121,0,978,1944,279,0.0,0.0,0.0,0.0,606,0.46039604,0.207392197,0.199669967,0.665297741,0.334702259,24.74874102,36.35169538,
485,0,160,0,1185,1800,267,12.0,20.0,0.0,0.0,645,0.413953488,0.216080402,0.248062016,0.603015075,0.396984925,29.259637750000003,42.045108325,
485,0,160,0,1310,1750,265,11.0,0.0,60.0,0.0,645,0.410852713,0.210784314,0.248062016,0.571895425,0.428104575,24.38159505,34.80527885,
485,0,160,0,1310,1750,267,11.0,0.0,60.0,0.0,645,0.413953488,0.210784314,0.248062016,0.571895425,0.428104575,26.3379832,35.6459092,
488,122,0,0,1289,1710,258,7.9,0.0,12.2,0.0,610,0.42295082,0.203401134,0.2,0.570190063,0.429809937,27.02290689,35.8630505,
488,122,0,0,1290,1710,258,7.5,0.0,10.0,0.0,610,0.42295082,0.203333333,0.2,0.57,0.43,25.558492275,34.441644615,
489,0,122,0,1365,1485,308,4.9,0.0,24.4,0.0,611,0.504091653,0.214385965,0.199672668,0.521052632,0.478947368,32.2674768,41.77841518,
489,89,0,0,1339,1750,268,5.9,29.5,0.0,0.0,578,0.46366782,0.187115571,0.153979239,0.566526384,0.433473616,20.93708787,28.77413173,
489,122,0,0,1020,2186,235,0.0,0.0,24.4,0.0,611,0.384615385,0.190580162,0.199672668,0.681846538,0.318153462,27.3894341,32.34504285,
489,122,0,0,1200,1800,267,4.4,12.2,0.0,0.0,611,0.436988543,0.203666667,0.199672668,0.6,0.4,20.9083597,29.69056025,
489,122,0,0,1200,1800,267,5.2,12.2,0.0,0.0,611,0.436988543,0.203666667,0.199672668,0.6,0.4,21.897401135,30.722828145,
489,122,0,0,1330,1450,308,3.1,0.0,24.4,0.0,611,0.504091653,0.219784173,0.199672668,0.521582734,0.478417266,31.52797999,38.82561028,
489,122,0,0,1330,1485,308,7.9,0.0,24.4,0.0,611,0.504091653,0.21705151,0.199672668,0.527531083,0.472468917,32.27012863,39.58109347,
489,122,0,0,1420,1850,257,0.0,18.3,0.0,0.0,611,0.420621931,0.186850153,0.199672668,0.565749235,0.434250765,26.55631727,38.77061443,43.23999486
490,0,165,0,1470,675,267,6.6,0.0,78.0,0.0,655,0.407633588,0.305361305,0.251908397,0.314685315,0.685314685,25.82284613,38.71177915,
490,0,170,0,1470,675,267,6.6,0.0,79.0,0.0,660,0.404545455,0.307692308,0.257575758,0.314685315,0.685314685,29.4233883,41.4375076,
490,0,200,0,1130,1800,298,6.0,0.0,75.0,0.0,690,0.431884058,0.235494881,0.289855072,0.614334471,0.385665529,29.171653795,42.830823685,46.461106345000005
490,0,210,0,1188,1880,235,20.0,0.0,84.0,0.0,700,0.335714286,0.228161669,0.3,0.612777053,0.387222947,37.8867062,46.7809466,
490,0,210,0,1290,1750,260,7.0,0.0,100.0,0.0,700,0.371428571,0.230263158,0.3,0.575657895,0.424342105,34.20662805,46.96523887,
490,0,210,0,1305,1700,267,6.0,0.0,91.0,0.0,700,0.381428571,0.232945092,0.3,0.565723794,0.434276206,31.66821698,43.96707654,44.56083388
490,0,210,50,1000,1850,264,9.0,23.0,135.0,512.0,700,0.377142857,0.245614035,0.3,0.649122807,0.350877193,51.72845034,69.56931715,
490,0,210,50,1045,1850,270,9.8,15.0,172.0,512.0,700,0.385714286,0.2417962,0.3,0.639032815,0.360967185,49.40299569,67.59531243,
490,122,0,0,1215,1750,275,4.6,18.4,0.0,0.0,612,0.449346405,0.206408094,0.199346405,0.590219224,0.409780776,25.7864024,33.07186547,
490,160,0,0,1125,1500,235,10.0,0.0,48.0,0.0,650,0.361538462,0.247619048,0.246153846,0.571428571,0.428571429,31.9572126,45.48013521,
490,160,0,0,1125,1825,235,10.0,0.0,48.0,0.0,650,0.361538462,0.220338983,0.246153846,0.618644068,0.381355932,38.74270818,50.99659986,57.65226917
490,160,0,0,1150,1820,235,13.0,0.0,57.0,0.0,650,0.361538462,0.218855219,0.246153846,0.612794613,0.387205387,38.35325163,50.48257088,60.07021346
490,175,0,40,1055,1930,226,9.9,0.0,35.0,0.0,665,0.339849624,0.22278057,0.263157895,0.646566164,0.353433836,45.89611907,56.6749272,
490,175,0,40,1055,1930,250,23.0,0.0,55.0,0.0,665,0.37593985,0.22278057,0.263157895,0.646566164,0.353433836,39.02964526,55.2959752,
490,175,0,40,1055,1930,269,9.8,0.0,35.3,0.0,665,0.404511278,0.22278057,0.263157895,0.646566164,0.353433836,43.89280824,57.95387412,64.22085898
490,210,0,0,1039,1950,259,9.0,0.0,84.0,512.0,700,0.37,0.234192037,0.3,0.652392104,0.347607896,31.0608938,42.4372478,
490,210,0,0,1041,1950,259,9.0,0.0,56.0,384.0,700,0.37,0.23403544,0.3,0.651955868,0.348044132,24.4074504,42.0925098,
490,210,0,0,1100,1900,245,7.0,0.0,84.0,384.0,700,0.35,0.233333333,0.3,0.633333333,0.366666667,27.6135138,40.63665471,47.2980536
490,210,0,0,1110,1875,259,7.0,0.0,112.0,384.0,700,0.37,0.234505863,0.3,0.628140704,0.371859296,24.44373861,38.68127169,45.13681152
490,210,0,0,1220,1750,259,7.0,20.0,150.0,384.0,700,0.37,0.235690236,0.3,0.589225589,0.410774411,32.060634,41.12341298,
490,210,0,0,1299,1800,240,8.0,0.0,64.0,256.0,700,0.342857143,0.225879316,0.3,0.580832527,0.419167473,27.36702613,41.19274362,
493,0,212,0,1239,1700,282,7.0,0.0,84.0,0.0,705,0.4,0.239877509,0.30070922,0.578428037,0.421571963,33.29594517,43.8506736,
493,226,0,0,1158,1800,258,14.6,10.6,0.0,448.0,719,0.358831711,0.243069642,0.314325452,0.60851927,0.39148073,31.92912284,40.20494955,
494,160,0,0,1370,1625,158,3.1,0.0,39.0,0.0,654,0.241590214,0.21836394,0.244648318,0.542570952,0.457429048,35.60962099,51.63297725,59.60396899
494,164,0,0,1250,1775,289,3.1,34.0,0.0,0.0,658,0.439209726,0.217520661,0.249240122,0.58677686,0.41322314,25.4933751,35.87778655,
494,165,0,0,1440,1590,288,0.0,0.0,37.0,0.0,659,0.437025797,0.217491749,0.250379363,0.524752475,0.475247525,30.26190158,43.1784345,49.03671707
494,165,0,0,1440,1800,240,11.0,0.0,37.0,0.0,659,0.364188164,0.203395062,0.250379363,0.555555556,0.444444444,32.73095789,44.86190507,
494,212,0,0,1075,1950,240,6.6,22.5,0.0,384.0,706,0.339943343,0.23338843,0.300283286,0.644628099,0.355371901,21.25556011,34.40079666,46.53963
495,0,160,0,1350,1600,262,6.6,0.0,79.0,0.0,655,0.4,0.222033898,0.244274809,0.542372881,0.457627119,33.2327432,40.4032936,
495,155,0,0,1440,924,271,2.0,26.0,16.3,0.0,650,0.416923077,0.274957699,0.238461538,0.390862944,0.609137056,26.30733982,32.69648409,37.60599097
495,165,0,0,1310,1650,275,4.3,53.0,39.0,0.0,660,0.416666667,0.222972973,0.25,0.557432432,0.442567568,30.99004923,41.800115330000004,50.69895387
496,124,0,0,1590,1405,278,6.2,0.0,24.8,0.0,620,0.448387097,0.207011686,0.2,0.469115192,0.530884808,26.92896263,39.04732413,
497,175,0,28,1205,1780,242,17.0,0.0,105.0,0.0,672,0.360119048,0.225125628,0.260416667,0.596314908,0.403685092,43.82309456,65.40828987,
500,0,150,0,944,2175,257,16.0,39.0,0.0,0.0,650,0.395384615,0.208400128,0.230769231,0.697338891,0.302661109,31.18305256,42.79125392500001,45.14688848
500,150,0,0,1330,1975,153,0.0,0.0,35.0,0.0,650,0.235384615,0.19667171,0.230769231,0.597579425,0.402420575,31.70026788,49.25193962,53.03283407
500,150,0,0,1370,1650,260,13.0,127.0,211.0,0.0,650,0.4,0.215231788,0.230769231,0.546357616,0.453642384,43.16749282,52.75973169,54.28187092
500,150,0,0,1510,1500,260,0.3,16.3,19.5,0.0,650,0.4,0.215946844,0.230769231,0.49833887,0.50166113,39.45853587,44.119752285000004,52.078207265
500,160,0,0,1280,1712,250,13.0,0.0,0.0,0.0,660,0.378787879,0.220588235,0.242424242,0.572192513,0.427807487,28.0271994,36.83334009,
500,160,0,40,1190,1710,245,18.0,21.0,160.0,0.0,660,0.371212121,0.227586207,0.242424242,0.589655172,0.410344828,33.58667421,41.56161328,
500,215,0,0,1335,1450,285,7.2,0.0,71.5,0.0,715,0.398601399,0.256732496,0.300699301,0.52064632,0.47935368,35.13126461,44.58611467,
500,215,0,0,1365,1450,242,1.8,71.5,0.0,0.0,715,0.338461538,0.253996448,0.300699301,0.515097691,0.484902309,34.25710754,42.27062443,49.2285864
504,126,0,0,1482,1450,275,9.0,20.0,70.5,0.0,630,0.436507937,0.214870396,0.2,0.494542974,0.505457026,29.21079987,41.86651489,
507,273,0,0,1220,1650,288,7.8,0.0,60.2,0.0,780,0.369230769,0.271777003,0.35,0.574912892,0.425087108,33.62344627,49.55800271,58.10660384
509,153,0,0,1559,1273,250,2.0,21.0,20.0,384.0,662,0.377643505,0.233757062,0.231117825,0.44950565,0.55049435,43.92794246,58.04503976,64.42451541
510,0,125,0,951,2200,254,5.0,50.8,0.0,0.0,635,0.4,0.201523326,0.196850394,0.69819105,0.30180895,37.59712628,47.80940312,
510,140,0,0,1250,1550,316,4.5,25.0,20.0,0.0,650,0.486153846,0.232142857,0.215384615,0.553571429,0.446428571,32.83685676,43.67174935,52.73616062
510,150,0,20,1450,1500,219,5.5,0.0,37.4,384.0,660,0.331818182,0.223728814,0.227272727,0.508474576,0.491525424,37.06052375,51.40558706,
515,145,0,20,1210,1805,223,22.0,0.0,67.0,384.0,660,0.337878788,0.218905473,0.21969697,0.5986733,0.4013267,40.46362275,60.369369430000006,
515,207,0,0,980,1990,234,10.0,0.0,80.0,512.0,722,0.324099723,0.243097643,0.286703601,0.67003367,0.32996633,28.3719374,45.38938223,58.0711161
517,0,0,0,1356,1800,233,1.0,2.3,0.0,0.0,517,0.450676983,0.163814956,0.0,0.570342205,0.429657795,20.6153324,25.14289147,
517,0,90,0,1410,1710,265,3.1,24.2,0.0,0.0,607,0.436573311,0.194551282,0.148270181,0.548076923,0.451923077,28.75459658,40.91350584,
517,0,90,0,1410,1725,265,3.1,0.0,73.0,0.0,607,0.436573311,0.193620415,0.148270181,0.550239234,0.449760766,28.11014545,35.3494932,
517,0,90,0,1410,1725,265,3.1,24.2,0.0,0.0,607,0.436573311,0.193620415,0.148270181,0.550239234,0.449760766,27.14777276,35.90656476,
517,0,90,0,1425,1700,267,3.1,0.0,73.0,0.0,607,0.439868204,0.19424,0.148270181,0.544,0.456,27.382730860000002,39.575922399999996,
519,92,0,0,1260,1850,261,6.1,0.0,61.0,0.0,611,0.427168576,0.196463023,0.150572831,0.594855305,0.405144695,25.80019192,36.38752682,
519,125,0,0,1160,1870,247,10.0,20.0,0.0,0.0,644,0.383540373,0.212541254,0.194099379,0.617161716,0.382838284,23.23081156,34.049750644999996,31.37288169
519,125,0,0,1160,1870,267,10.0,20.0,0.0,0.0,644,0.414596273,0.212541254,0.194099379,0.617161716,0.382838284,24.13104713,31.57213292,37.01193353
519,156,0,0,1578,1328,242,0.0,30.0,22.0,0.0,675,0.358518519,0.232278045,0.231111111,0.456985547,0.543014453,43.86887745,59.72201038,64.66527436
519,156,0,0,1578,1328,258,1.0,30.0,22.0,0.0,675,0.382222222,0.232278045,0.231111111,0.456985547,0.543014453,44.4022544,56.31639968,58.43998576
525,0,175,0,1185,1850,267,7.7,0.0,84.0,0.0,700,0.381428571,0.230642504,0.25,0.609555189,0.390444811,32.88130196,43.29507086,
525,100,0,0,1000,2250,200,12.0,0.0,106.0,0.0,625,0.32,0.192307692,0.16,0.692307692,0.307692308,32.1812923,44.4022544,
525,100,0,38,1410,1520,235,7.5,0.0,55.0,384.0,625,0.376,0.21331058,0.16,0.518771331,0.481228669,29.1648348,47.90873234,
525,150,0,0,1450,1665,257,0.0,0.0,60.0,134.0,675,0.380740741,0.216693419,0.222222222,0.534510433,0.465489567,39.53102629,50.66758954,59.4376128
525,175,0,0,1100,1785,240,17.0,14.0,64.0,0.0,700,0.342857143,0.242634315,0.25,0.618717504,0.381282496,46.43728591,60.34214013,66.74255835
525,175,0,0,1170,1725,265,6.0,0.0,55.0,0.0,700,0.378571429,0.2417962,0.25,0.595854922,0.404145078,34.74257878,47.11678814,
525,175,0,0,1441,1450,270,1.0,0.0,12.0,0.0,700,0.385714286,0.242130751,0.25,0.501556555,0.498443445,40.96866392,52.51891909,
525,175,0,0,1540,1550,270,14.0,0.0,84.0,0.0,700,0.385714286,0.226537217,0.25,0.501618123,0.498381877,43.56503354,56.25795838,
525,225,0,0,1103,1650,279,9.0,0.0,37.5,0.0,750,0.372,0.272430076,0.3,0.599346168,0.400653832,31.25911815,44.03453387,
525,225,0,0,1191,947,242,9.5,0.0,34.0,25.0,750,0.322666667,0.350795136,0.3,0.442937325,0.557062675,38.17189855,50.09502791,53.95985428
525,225,0,0,1313,1500,221,6.8,13.6,20.4,0.0,750,0.294666667,0.266619268,0.3,0.533238535,0.466761465,27.7858828,46.15447444,
525,225,0,0,1400,1460,276,0.0,38.0,22.0,0.0,750,0.368,0.262237762,0.3,0.51048951,0.48951049,31.19077994,42.21756182,50.4528167
525,250,0,0,990,1850,258,7.0,0.0,37.0,0.0,775,0.332903226,0.272887324,0.322580645,0.651408451,0.348591549,26.32773423,35.89627212,42.03956789
526,132,0,0,1513,780,285,6.6,0.0,72.3,0.0,658,0.433130699,0.286960314,0.200607903,0.340165722,0.659834278,26.5792998,33.89923667,
526,226,0,0,1135,1770,259,7.5,0.0,60.0,384.0,752,0.344414894,0.258864028,0.300531915,0.60929432,0.39070568,24.4074504,42.2648788,
526,226,0,0,1135,1770,259,7.5,60.0,0.0,384.0,752,0.344414894,0.258864028,0.300531915,0.60929432,0.39070568,23.786922,49.66985104,
527,225,0,0,1160,1800,253,0.0,80.0,48.0,0.0,752,0.33643617,0.254054054,0.299202128,0.608108108,0.391891892,31.7503698,42.4717216,
527,225,0,0,1160,1800,253,0.0,90.0,48.0,0.0,752,0.33643617,0.254054054,0.299202128,0.608108108,0.391891892,32.05657826,44.63578659,
528,0,132,0,1205,1750,258,8.3,0.0,6.6,0.0,660,0.390909091,0.223350254,0.2,0.592216582,0.407783418,25.10841767,36.67859103,43.39102293
528,0,132,0,1230,1775,264,10.0,30.0,0.0,0.0,660,0.4,0.219633943,0.2,0.590682196,0.409317804,26.90103953,38.03791392,39.43701326
528,0,132,0,1239,1700,263,6.6,19.8,66.0,106.0,660,0.398484848,0.224566179,0.2,0.578428037,0.421571963,29.93642112,43.16150178,
528,0,132,0,1265,1800,258,6.3,0.0,19.7,0.0,660,0.390909091,0.215334421,0.2,0.587275693,0.412724307,28.3719374,37.55510108,
528,0,132,0,1265,1800,258,6.3,0.0,19.7,128.0,660,0.390909091,0.215334421,0.2,0.587275693,0.412724307,30.295169865,40.03173171,
528,0,132,0,1265,1800,272,6.3,0.0,19.7,0.0,660,0.412121212,0.215334421,0.2,0.587275693,0.412724307,29.307266025,38.634243335,
528,0,132,0,1270,1800,272,6.3,0.0,19.7,0.0,660,0.412121212,0.214983713,0.2,0.586319218,0.413680782,30.19052013,37.89417748,
528,132,0,0,1194,1750,262,8.3,0.0,13.2,0.0,660,0.396969697,0.224184783,0.2,0.594429348,0.405570652,26.20870645,34.16640862,
528,132,0,0,1200,1750,250,8.0,0.0,13.2,0.0,660,0.378787879,0.223728814,0.2,0.593220339,0.406779661,27.1653544,35.59994413,
528,132,0,0,1205,1750,258,8.3,0.0,6.6,0.0,660,0.390909091,0.223350254,0.2,0.592216582,0.407783418,23.10729566,35.56317208,
528,132,264,0,1200,1750,242,10.0,0.0,26.4,0.0,924,0.261904762,0.313220339,0.428571429,0.593220339,0.406779661,26.8206164,34.9564332,
529,176,0,0,1200,1775,296,4.3,0.0,37.0,0.0,705,0.419858156,0.23697479,0.24964539,0.596638655,0.403361345,23.7179744,35.3011712,
530,0,135,40,1285,1765,242,8.0,28.0,85.0,0.0,665,0.363909774,0.218032787,0.203007519,0.578688525,0.421311475,71.7399778,78.99096707,81.50755447
530,92,0,0,1260,1700,267,6.2,18.0,0.0,0.0,622,0.42926045,0.210135135,0.147909968,0.574324324,0.425675676,23.081783826666666,34.79752633333334,37.745938185
530,92,0,0,1260,1750,266,3.2,18.0,0.0,0.0,622,0.427652733,0.206644518,0.147909968,0.581395349,0.418604651,24.5970563,31.95031784,
530,95,0,0,985,2200,225,4.7,0.0,62.5,0.0,625,0.36,0.196232339,0.152,0.690737834,0.309262166,37.9901276,45.53263216,
536,179,0,0,1290,1450,285,7.2,43.0,129.0,0.0,715,0.398601399,0.260948905,0.25034965,0.52919708,0.47080292,38.9209202,51.55456469,
542,118,0,0,1250,1750,262,5.0,45.0,0.0,0.0,660,0.396969697,0.22,0.178787879,0.583333333,0.416666667,29.25811685,38.12419238,45.2891098
544,60,180,0,1467,1271,229,4.0,40.0,0.0,0.0,784,0.292091837,0.286340394,0.306122449,0.464207451,0.535792549,40.97785693,59.5017788,62.78828107
544,136,0,0,1247,1566,267,5.2,0.0,0.0,0.0,680,0.392647059,0.241734803,0.2,0.556701031,0.443298969,28.1995684,31.51671404,
545,0,180,0,1100,1800,291,12.0,24.0,0.0,0.0,725,0.40137931,0.25,0.248275862,0.620689655,0.379310345,29.3372038,40.7825054,
545,0,180,0,1100,1800,292,12.0,24.0,0.0,0.0,725,0.402758621,0.25,0.248275862,0.620689655,0.379310345,32.5087934,39.78138625,
548,164,0,0,1480,1650,258,0.0,29.2,58.4,0.0,712,0.362359551,0.227476038,0.230337079,0.52715655,0.47284345,51.96208242,55.91267318,68.51291672
548,164,0,0,1578,1328,242,2.0,22.0,25.0,384.0,712,0.33988764,0.245010323,0.230337079,0.456985547,0.543014453,47.98695021,60.7281659,65.81929417
549,0,250,0,1010,1850,288,8.5,64.0,0.0,0.0,799,0.360450563,0.279370629,0.312891114,0.646853147,0.353146853,32.45906311,42.78985732,45.11366827
550,0,0,0,1190,2283,220,2.0,0.0,30.0,0.0,550,0.4,0.158364526,0.0,0.657356752,0.342643248,37.1627564,43.5976092,39.3690796
550,0,0,0,1528,1678,200,0.0,25.0,0.0,0.0,550,0.363636364,0.171553337,0.0,0.523393637,0.476606363,44.0747533,53.0207044,
550,0,130,0,900,2175,257,6.6,40.0,0.0,0.0,680,0.377941176,0.221138211,0.191176471,0.707317073,0.292682927,24.79815347,33.8877454,
550,100,0,50,950,2000,242,12.0,0.0,110.0,512.0,650,0.372307692,0.220338983,0.153846154,0.677966102,0.322033898,31.39752032,44.60691991,
550,110,0,0,1370,770,325,4.0,0.0,35.0,0.0,660,0.492424242,0.308411215,0.166666667,0.359813084,0.640186916,23.6662637,39.56101481,42.52774153
550,130,0,0,1080,2010,245,6.0,30.2,0.0,0.0,680,0.360294118,0.220064725,0.191176471,0.650485437,0.349514563,25.8208762,30.12435557,30.1301012
550,150,0,0,840,2175,275,9.5,0.0,49.0,0.0,700,0.392857143,0.232172471,0.214285714,0.721393035,0.278606965,21.40439938,30.41508461,
550,150,200,0,798,1046,292,5.6,0.0,38.0,0.0,900,0.324444444,0.488069414,0.388888889,0.567245119,0.432754881,29.72298204,37.31214287,37.92250592
552,0,0,0,1320,1750,265,5.0,0.0,55.2,0.0,552,0.480072464,0.17980456,0.0,0.570032573,0.429967427,22.36200493,30.90001607,
555,0,100,0,1460,675,270,6.6,0.0,79.0,0.0,655,0.41221374,0.306791569,0.152671756,0.316159251,0.683840749,28.4753588,39.2656582,
558,100,0,0,945,2050,263,0.0,0.0,0.0,0.0,658,0.399696049,0.219699499,0.151975684,0.684474124,0.315525876,24.4419242,33.652174435000006,
559,99,0,0,1145,1850,258,12.0,19.7,0.0,0.0,658,0.392097264,0.219699499,0.150455927,0.61769616,0.38230384,25.0452157,36.72399895,37.4902575
560,0,0,0,1383,1722,212,5.0,0.0,5.6,0.0,560,0.378571429,0.180354267,0.0,0.554589372,0.445410628,24.8900836,32.10659907,
560,98,0,0,1140,1750,277,4.6,0.0,0.0,0.0,658,0.420972644,0.227681661,0.14893617,0.605536332,0.394463668,27.52675474,33.48784932,
560,100,0,0,1013,1994,279,8.0,0.0,0.0,0.0,660,0.422727273,0.219487862,0.151515152,0.663119388,0.336880612,23.60995649,29.65206451,32.29160846
560,100,0,0,1100,1890,279,15.0,23.0,0.0,0.0,660,0.422727273,0.220735786,0.151515152,0.632107023,0.367892977,28.58337671,34.83692403,
560,100,0,0,1150,1815,266,7.0,20.0,0.0,0.0,660,0.403030303,0.222596965,0.151515152,0.612141653,0.387858347,25.753999645,38.0435564075,36.75673164333333
560,100,0,0,1170,1900,250,8.0,0.0,66.0,0.0,660,0.378787879,0.214983713,0.151515152,0.618892508,0.381107492,33.58834567,43.5527364,
560,100,0,0,1200,1800,268,7.0,20.0,0.0,0.0,660,0.406060606,0.22,0.151515152,0.6,0.4,21.93036423,31.298497835,30.9919462
560,100,0,0,1220,1800,234,6.6,0.0,79.2,448.0,660,0.354545455,0.218543046,0.151515152,0.59602649,0.40397351,31.34151053,41.67089523,
560,100,0,45,950,1980,254,16.0,26.0,70.0,384.0,660,0.384848485,0.225255973,0.151515152,0.675767918,0.324232082,37.60148087,45.6750271,
560,100,0,45,950,1980,255,12.0,26.0,128.0,384.0,660,0.386363636,0.225255973,0.151515152,0.675767918,0.324232082,30.09710485,42.57215527,
560,100,0,45,1031,1930,271,20.0,0.0,90.0,384.0,660,0.410606061,0.22289767,0.151515152,0.651806822,0.348193178,35.19599999,48.38969922,
560,100,0,45,1160,1850,248,7.0,0.0,64.0,512.0,660,0.375757576,0.219269103,0.151515152,0.61461794,0.38538206,38.57646362,51.53488362,
560,140,0,0,1140,1670,308,4.0,27.0,22.0,0.0,700,0.44,0.24911032,0.2,0.59430605,0.40569395,53.94000573,64.21319813,66.78724187
560,140,0,0,1220,1580,312,4.0,27.0,22.0,0.0,700,0.445714286,0.25,0.2,0.564285714,0.435714286,53.3137317,67.2583838,69.47619827
560,240,0,0,1040,1675,300,0.0,32.0,0.0,0.0,800,0.375,0.2946593,0.3,0.61694291,0.38305709,33.10633927,41.81288898,
561,98,0,0,1125,1875,272,12.0,23.0,0.0,0.0,659,0.412746586,0.219666667,0.148710167,0.625,0.375,28.02227457,35.75982263,36.6456494
561,98,0,0,1125,1875,278,12.0,23.0,0.0,0.0,659,0.42185129,0.219666667,0.148710167,0.625,0.375,23.70418488,31.08551794,
561,99,0,0,1200,1800,268,7.0,20.0,0.0,0.0,660,0.406060606,0.22,0.15,0.6,0.4,22.99345004,32.9616169,34.9936649
563,187,0,0,1609,1000,356,11.0,0.0,60.0,0.0,750,0.474666667,0.287466462,0.249333333,0.383288616,0.616711384,34.65557095,53.18924298,55.37105148
564,0,0,0,1215,1975,250,2.8,0.0,0.0,0.0,564,0.443262411,0.176802508,0.0,0.619122257,0.380877743,25.4416644,34.17502707,
564,0,0,0,1259,1875,265,2.5,0.0,0.0,0.0,564,0.469858156,0.17996171,0.0,0.598276962,0.401723038,26.717195,33.53151613,
564,0,0,0,1283,1804,265,5.6,0.0,5.6,0.0,564,0.469858156,0.182701652,0.0,0.584386135,0.415613865,24.6832408,32.6122148,
564,0,0,0,1392,1710,225,2.0,0.0,10.0,0.0,564,0.39893617,0.181818182,0.0,0.551257253,0.448742747,30.3714178,37.53047693,
564,0,0,0,1401,1906,214,0.0,0.0,52.0,0.0,564,0.379432624,0.170547324,0.0,0.57635319,0.42364681,38.41243165,49.87209733,
564,0,141,0,875,2050,267,12.0,0.0,24.0,125.0,705,0.378723404,0.241025641,0.2,0.700854701,0.299145299,30.906306025,37.553459465,
564,0,141,0,956,1750,317,15.5,0.0,0.0,0.0,705,0.44964539,0.260532151,0.2,0.646711013,0.353288987,24.5798194,32.75011,
564,0,150,0,1400,1710,243,2.5,22.6,0.0,0.0,714,0.340336134,0.229581994,0.210084034,0.549839228,0.450160772,32.7156362,38.56469093,
564,0,280,0,1380,1300,267,2.2,0.0,22.5,0.0,844,0.316350711,0.314925373,0.331753555,0.485074627,0.514925373,32.3364244,40.0585556,
564,0,282,0,1240,1250,325,10.0,12.0,55.0,512.0,846,0.384160757,0.339759036,0.333333333,0.502008032,0.497991968,34.34844073,47.0050263,
564,94,0,0,1160,1700,275,11.0,13.2,0.0,0.0,658,0.417933131,0.23006993,0.142857143,0.594405594,0.405594406,26.7861426,36.90994853,
564,94,0,0,1245,1800,267,5.9,0.0,19.7,0.0,658,0.405775076,0.216091954,0.142857143,0.591133005,0.408866995,27.1136437,34.22099213,
564,141,0,0,1060,1825,279,8.3,0.0,10.6,0.0,705,0.395744681,0.244367418,0.2,0.632582322,0.367417678,28.27426163,36.10555987,
564,141,0,0,1190,1970,235,0.0,0.0,50.0,0.0,705,0.333333333,0.223101266,0.2,0.623417722,0.376582278,40.30861928,51.53900696,58.86056612
564,141,0,0,1553,1500,292,0.0,0.0,35.3,0.0,705,0.414184397,0.230920406,0.2,0.491320013,0.508679987,26.20613272,34.15204453,44.77805473
564,188,0,0,1126,1695,267,3.6,0.0,41.4,0.0,752,0.355053191,0.266572138,0.25,0.600850762,0.399149238,44.49612282,56.03141627,64.49409576
570,180,0,0,1390,1400,233,11.0,0.0,60.0,0.0,750,0.310666667,0.268817204,0.24,0.501792115,0.498207885,40.851453,56.9162438,
570,180,0,0,1390,1400,233,11.0,0.0,60.0,384.0,750,0.310666667,0.268817204,0.24,0.501792115,0.498207885,37.96427225,53.52361631,57.4333508
570,190,0,0,1020,1750,289,0.0,30.4,0.0,0.0,760,0.380263158,0.274368231,0.25,0.631768953,0.368231047,29.7853632,36.98655698,
570,190,0,0,1020,1750,289,4.0,0.0,38.0,0.0,760,0.380263158,0.274368231,0.25,0.631768953,0.368231047,30.681682,38.49574333,
570,190,0,0,1100,1750,283,4.0,0.0,30.4,0.0,760,0.372368421,0.266666667,0.25,0.614035088,0.385964912,33.44451083,42.67199796,
572,0,0,0,1600,1500,256,0.0,0.0,0.0,0.0,572,0.447552448,0.184516129,0.0,0.483870968,0.516129032,42.76666411,45.52744093,
572,0,0,0,1700,1492,229,0.0,0.0,0.0,0.0,572,0.40034965,0.179197995,0.0,0.467418546,0.532581454,45.95932103,48.82524294,54.80185073
575,100,0,0,1110,1875,278,12.0,24.0,0.0,0.0,675,0.411851852,0.226130653,0.148148148,0.628140704,0.371859296,25.964943945,32.3494555,35.51051613
575,100,0,0,1150,1850,252,20.0,21.0,0.0,0.0,675,0.373333333,0.225,0.148148148,0.616666667,0.383333333,23.3387626,31.5090532,
575,150,0,0,1150,1675,310,13.0,0.0,65.0,0.0,725,0.427586207,0.256637168,0.206896552,0.592920354,0.407079646,26.39113031,34.00122166,
580,145,0,0,1080,1750,284,4.0,0.0,36.3,0.0,725,0.391724138,0.256183746,0.2,0.618374558,0.381625442,27.57904,36.72608827,42.21264577
581,0,101,0,1330,1550,303,6.2,20.5,0.0,0.0,682,0.444281525,0.236805556,0.148093842,0.538194444,0.461805556,31.4056318,41.88853982,
581,0,101,0,1330,1550,303,6.4,20.5,0.0,0.0,682,0.444281525,0.236805556,0.148093842,0.538194444,0.461805556,31.37598433,39.07260492,
585,0,103,0,1155,1750,284,4.4,21.0,0.0,0.0,688,0.412790698,0.236833046,0.149709302,0.602409639,0.397590361,30.66914607,39.55408899,
585,0,103,0,1155,1750,290,4.4,0.0,55.0,0.0,688,0.421511628,0.236833046,0.149709302,0.602409639,0.397590361,31.91286482,40.27366072,
585,0,103,0,1165,1750,284,4.4,20.6,0.0,0.0,688,0.412790698,0.236020583,0.149709302,0.600343053,0.399656947,28.99591318,40.96521654,
585,175,0,0,1538,1328,258,1.5,36.0,26.0,0.0,760,0.339473684,0.265177948,0.230263158,0.463363573,0.536636427,49.51333456,63.67757283,68.78075887
590,140,0,0,1202,1600,280,5.5,44.0,44.0,0.0,730,0.383561644,0.260528194,0.191780822,0.5710207,0.4289793,28.52632007,36.80966112,38.955394
596,112,0,0,1197,1685,201,2.1,0.0,31.6,0.0,708,0.283898305,0.245662734,0.15819209,0.584663428,0.415336572,36.0595948,45.2985732,49.297534
599,106,0,0,1150,1800,269,4.9,0.0,78.0,0.0,705,0.381560284,0.238983051,0.15035461,0.610169492,0.389830508,33.53151613,42.6785644,
600,0,0,0,1352,1700,267,2.4,18.0,18.0,0.0,600,0.445,0.196592398,0.0,0.557011796,0.442988204,33.956693,41.5064552,
600,0,100,0,980,2050,265,7.0,0.0,85.0,224.0,700,0.378571429,0.231023102,0.142857143,0.676567657,0.323432343,31.7503698,36.93216498,
600,0,100,0,1410,1420,292,10.0,0.0,84.0,0.0,700,0.417142857,0.247349823,0.142857143,0.501766784,0.498233216,28.05018193,40.77101413,
600,100,0,0,1500,750,313,6.0,0.0,56.0,0.0,700,0.447142857,0.311111111,0.142857143,0.333333333,0.666666667,30.4403654,37.55058665,
600,105,0,0,1230,1675,308,5.6,0.0,0.0,0.0,705,0.436879433,0.242685026,0.14893617,0.576592083,0.423407917,23.95649583,30.40515023,31.89975627
600,150,0,0,1130,1860,247,13.0,0.0,52.5,150.0,750,0.329333333,0.25083612,0.2,0.622073579,0.377926421,43.3397854,54.704174965,62.755613035
600,150,0,0,1233,825,271,5.0,0.0,75.0,0.0,750,0.361333333,0.364431487,0.2,0.400874636,0.599125364,38.1624966,48.83788333,51.87157773
600,150,0,0,1402,1500,333,0.0,0.0,40.0,0.0,750,0.444,0.258442453,0.2,0.516884907,0.483115093,32.01157542,37.51611285,51.61155656
600,150,0,0,1800,950,292,7.5,0.0,30.0,0.0,750,0.389333333,0.272727273,0.2,0.345454545,0.654545455,29.60150293,39.2311844,
600,200,0,0,1286,1710,271,0.0,0.0,44.0,0.0,800,0.33875,0.267022697,0.25,0.570761015,0.429238985,47.2980536,62.742316,73.31428133
600,200,0,0,1370,1416,258,2.4,24.0,44.0,0.0,800,0.3225,0.287150036,0.25,0.508255564,0.491744436,51.08182924,66.91134755,75.06933028
600,200,0,0,1417,1416,259,2.1,21.4,30.3,0.0,800,0.32375,0.282386163,0.25,0.499823509,0.500176491,55.75284776,68.36920624,79.6999434
600,224,0,0,1252,1642,317,6.7,0.0,53.0,0.0,824,0.384708738,0.284727021,0.27184466,0.567380788,0.432619212,34.58192237,46.16472743,51.54929994
602,0,150,0,1040,1800,250,4.5,0.0,0.0,0.0,752,0.332446809,0.264788732,0.199468085,0.633802817,0.366197183,29.52927211,41.70837317,
602,150,0,0,1065,1850,286,8.0,28.6,0.0,0.0,752,0.380319149,0.257975986,0.199468085,0.63464837,0.36535163,33.95286258,45.35985996,
604,151,0,35,1240,1450,292,11.0,0.0,55.0,0.0,755,0.386754967,0.280669145,0.2,0.539033457,0.460966543,35.16902163,49.05047177,
604,151,0,35,1240,1450,292,40.0,0.0,53.0,0.0,755,0.386754967,0.280669145,0.2,0.539033457,0.460966543,34.61645021,48.18800801,
608,152,0,0,1176,1660,267,11.0,0.0,38.0,0.0,760,0.351315789,0.267983075,0.2,0.585331453,0.414668547,39.06865979,43.64995948,57.03661482
608,165,0,0,1100,1700,300,3.2,46.0,38.0,0.0,773,0.388098318,0.276071429,0.213454075,0.607142857,0.392857143,39.0243416,54.54904287,
610,0,0,0,1328,1660,262,6.1,0.0,27.5,0.0,610,0.429508197,0.204149933,0.0,0.555555556,0.444444444,32.636878985,36.65689086,48.1254248
610,0,0,50,1265,1775,259,6.6,0.0,92.4,0.0,610,0.424590164,0.200657895,0.0,0.583881579,0.416118421,33.29709429,42.98193384,
611,0,0,0,1210,1780,275,7.3,48.4,24.4,0.0,611,0.450081833,0.204347826,0.0,0.595317726,0.404682274,33.0259004,42.24189627,
611,0,0,0,1400,1905,266,0.0,0.0,18.3,0.0,611,0.435351882,0.184871407,0.0,0.576399395,0.423600605,29.30273,37.93709098,38.955394
611,0,108,0,1300,1725,270,4.2,29.0,0.0,0.0,719,0.375521558,0.23768595,0.150208623,0.570247934,0.429752066,37.8522324,51.5210941,
615,0,205,0,1080,1750,258,8.3,0.0,98.4,0.0,820,0.314634146,0.28975265,0.25,0.618374558,0.381625442,41.55471852,49.68751886,51.75734102
620,60,0,20,1300,1800,235,2.0,0.0,30.0,256.0,680,0.345588235,0.219354839,0.088235294,0.580645161,0.419354839,55.90501233,69.6026022,
625,225,0,0,1170,1700,275,0.0,0.0,48.9,0.0,850,0.323529412,0.296167247,0.264705882,0.592334495,0.407665505,53.657727555,65.32210537,74.27337964
628,210,0,0,1316,1385,276,6.0,29.8,68.0,0.0,838,0.329355609,0.310255461,0.250596659,0.512773047,0.487226953,52.96468448,56.10036387,73.48952315
637,115,0,0,1000,1900,292,12.0,22.5,0.0,0.0,752,0.388297872,0.259310345,0.152925532,0.655172414,0.344827586,31.89362759,40.4842813,
639,113,0,0,1120,1825,286,7.5,0.0,0.0,0.0,752,0.380319149,0.255348048,0.150265957,0.619694397,0.380305603,31.941603630000003,41.82123398,
640,115,0,0,1340,1450,302,8.0,0.0,128.0,0.0,755,0.4,0.270609319,0.152317881,0.519713262,0.480286738,31.21063937,41.7406791,
640,115,0,0,1340,1450,302,10.0,0.0,128.0,0.0,755,0.4,0.270609319,0.152317881,0.519713262,0.480286738,27.77406321,36.4118842,
646,106,0,0,1350,1750,279,0.0,0.0,90.0,0.0,752,0.371010638,0.242580645,0.140957447,0.564516129,0.435483871,35.13193618,40.491702215,
646,106,0,0,1350,1750,279,0.0,48.0,90.0,0.0,752,0.371010638,0.242580645,0.140957447,0.564516129,0.435483871,34.56459238,44.39993683,
648,0,162,0,1045,1800,289,4.2,0.0,24.3,0.0,810,0.356790123,0.284710018,0.2,0.632688928,0.367311072,43.2301452,50.50794742,
648,0,162,0,1045,1800,290,0.0,0.0,0.0,0.0,810,0.358024691,0.284710018,0.2,0.632688928,0.367311072,38.6796036,46.24085707,
650,0,0,0,1169,1900,260,4.8,0.0,0.0,208.0,650,0.4,0.211795373,0.0,0.619094167,0.380905833,28.39656154,36.51158462,
650,0,0,0,1190,1875,276,0.0,0.0,0.0,0.0,650,0.424615385,0.212071778,0.0,0.611745514,0.388254486,43.00999672,46.07002024,
650,0,0,0,1226,1755,300,13.0,0.0,29.3,0.0,650,0.461538462,0.218047635,0.0,0.588728615,0.411271385,40.4722412,51.0556978,
650,0,0,0,1364,1700,250,6.5,0.0,39.0,78.0,650,0.384615385,0.212140992,0.0,0.554830287,0.445169713,41.46623577,47.89057204,51.82561267
650,50,0,0,1310,1550,280,7.0,0.0,70.0,0.0,700,0.4,0.244755245,0.071428571,0.541958042,0.458041958,25.57726135,31.01722699,
650,50,0,0,1360,1550,280,7.0,21.0,0.0,0.0,700,0.4,0.240549828,0.071428571,0.532646048,0.467353952,23.83173794,29.5612835,
650,150,0,0,1180,800,325,4.0,0.0,30.0,0.0,800,0.40625,0.404040404,0.1875,0.404040404,0.595959596,36.95821185,48.3495045,53.66421533
658,0,0,0,1059,1900,270,3.9,0.0,0.0,0.0,658,0.410334347,0.222372423,0.0,0.642108821,0.357891179,28.8373337,35.5597247,
658,0,0,0,1080,1900,290,2.0,0.0,39.5,0.0,658,0.440729483,0.220805369,0.0,0.637583893,0.362416107,30.62709848,42.03888389,
658,0,0,0,1123,1835,290,5.7,0.0,21.0,0.0,658,0.440729483,0.2224476,0.0,0.620351589,0.379648411,29.9577322,41.40139219,
658,0,0,0,1125,1850,267,4.0,0.0,76.0,33.0,658,0.405775076,0.221176471,0.0,0.621848739,0.378151261,36.68603299,40.99624296,
658,0,0,0,1125,1875,258,9.0,0.0,0.0,0.0,658,0.392097264,0.219333333,0.0,0.625,0.375,27.25728453,34.1635358,
658,0,0,0,1150,1825,240,0.0,0.0,0.0,0.0,658,0.364741641,0.221176471,0.0,0.613445378,0.386554622,42.61737341,47.55824007,
658,0,0,0,1191,1726,158,0.0,0.0,0.0,0.0,658,0.240121581,0.22557422,0.0,0.591703805,0.408296195,42.14077312,45.8846278,49.4009554
658,0,0,0,1191,1726,359,0.0,0.0,0.0,0.0,658,0.545592705,0.22557422,0.0,0.591703805,0.408296195,43.8851474,48.49314533,
658,0,0,0,1200,1745,329,4.0,0.0,0.0,0.0,658,0.5,0.223429542,0.0,0.592529711,0.407470289,28.25961954,37.93025205,40.65883366
658,0,0,0,1253,1785,269,0.0,0.0,0.0,0.0,658,0.40881459,0.216589862,0.0,0.587557604,0.412442396,46.03401427,53.122976675000004,
658,0,0,0,1350,1732,263,0.0,0.0,0.0,0.0,658,0.399696049,0.213497729,0.0,0.561972745,0.438027255,48.56781120714286,54.582022381428565,55.675187
658,0,0,0,1430,1650,258,6.6,0.0,66.0,0.0,658,0.392097264,0.213636364,0.0,0.535714286,0.464285714,29.5785204,37.4730206,
658,0,0,0,1440,1722,263,0.0,0.0,0.0,0.0,658,0.399696049,0.208096142,0.0,0.54459203,0.45540797,46.97629813,51.8485952,
658,0,0,0,1472,1500,300,2.0,0.0,60.0,0.0,658,0.455927052,0.221399731,0.0,0.504710633,0.495289367,45.64714162,49.79261785,
658,0,0,0,1472,1530,304,10.0,0.0,50.0,0.0,658,0.462006079,0.219187209,0.0,0.509660227,0.490339773,38.610656,45.6433112,
658,0,0,0,1475,1525,267,2.0,0.0,66.0,0.0,658,0.405775076,0.219333333,0.0,0.508333333,0.491666667,33.41496186,37.26905062,
658,0,0,0,1531,1693,266,0.0,0.0,0.0,0.0,658,0.404255319,0.204094293,0.0,0.525124069,0.474875931,42.73142423,51.2280668,
658,100,0,0,1200,1800,308,0.0,0.0,76.0,0.0,758,0.406332454,0.252666667,0.131926121,0.6,0.4,30.92874423,39.4035534,
658,100,0,0,1200,1800,308,0.0,76.0,0.0,0.0,758,0.406332454,0.252666667,0.131926121,0.6,0.4,29.819837,42.38208972,
658,100,0,0,1200,1800,309,0.0,0.0,76.0,0.0,758,0.407651715,0.252666667,0.131926121,0.6,0.4,31.21784535,40.65284561,
658,100,0,50,1450,1540,275,0.0,0.0,180.0,0.0,758,0.362796834,0.253511706,0.131926121,0.515050167,0.484949833,42.26901566,61.75636532,
658,150,0,0,1224,1600,308,18.0,0.0,98.0,0.0,808,0.381188119,0.28611898,0.185643564,0.566572238,0.433427762,23.4594209,31.56679682,
660,0,0,0,956,2100,262,3.5,64.0,26.4,0.0,660,0.396969697,0.215968586,0.0,0.687172775,0.312827225,42.34531767,48.09478142,
660,0,0,0,1129,2000,246,0.0,28.0,0.0,0.0,660,0.372727273,0.21093001,0.0,0.639181847,0.360818153,43.25312773,53.31947733,
660,0,0,0,1660,1600,250,0.0,0.0,38.0,0.0,660,0.378787879,0.202453988,0.0,0.490797546,0.509202454,50.25513956,55.80159093,62.96065007
675,0,0,0,1022,2110,225,6.8,0.0,27.0,162.0,675,0.333333333,0.215517241,0.0,0.673690932,0.326309068,34.6634059,39.48399227,
675,0,0,0,1348,1744,270,15.0,0.0,60.0,0.0,675,0.4,0.218305304,0.0,0.564036223,0.435963777,37.63926092,43.87825264,
679,120,0,0,1185,1700,284,8.0,56.0,89.0,0.0,799,0.355444305,0.27694974,0.150187735,0.589254766,0.410745234,36.21718931,46.61010977,54.9167634
680,0,0,0,1438,1700,298,0.0,0.0,30.0,0.0,680,0.438235294,0.216698534,0.0,0.541746335,0.458253665,35.3673609,40.9548744,45.48702997
680,120,0,0,900,1875,320,8.0,28.0,0.0,0.0,800,0.4,0.288288288,0.15,0.675675676,0.324324324,28.72012278,37.97778961,40.64116282
680,120,0,0,990,1850,280,12.0,32.0,0.0,0.0,800,0.35,0.281690141,0.15,0.651408451,0.348591549,30.244247783333332,37.471959866666666,
680,120,0,0,990,1850,304,12.0,32.0,0.0,0.0,800,0.38,0.281690141,0.15,0.651408451,0.348591549,31.1298414,43.1784345,
680,120,0,0,1020,1750,304,7.5,0.0,100.0,0.0,800,0.38,0.288808664,0.15,0.631768953,0.368231047,35.23360255,42.97917594,
680,120,0,0,1220,1630,284,20.0,0.0,96.0,0.0,800,0.355,0.280701754,0.15,0.571929825,0.428070175,27.9899677,36.54636486,
680,204,0,0,1454,1540,235,5.0,15.0,55.0,0.0,884,0.265837104,0.295257181,0.230769231,0.514362057,0.485637943,60.80193354,76.83826978,83.2887008
687,0,0,0,1250,1700,292,2.7,0.0,0.0,0.0,687,0.42503639,0.232881356,0.0,0.576271186,0.423728814,28.07546272,37.47794543,
688,172,0,0,1095,1750,271,3.4,0.0,43.0,0.0,860,0.315116279,0.30228471,0.2,0.615114236,0.384885764,47.75479248,52.24217108,62.55637356
700,0,0,0,1117,1950,260,0.0,0.0,56.0,0.0,700,0.371428571,0.228236061,0.0,0.635800456,0.364199544,37.0526557,46.60647087,
700,0,0,0,1250,1610,306,5.6,0.0,84.0,0.0,700,0.437142857,0.244755245,0.0,0.562937063,0.437062937,31.9227388,40.2653984,
700,0,0,40,1301,1500,259,8.8,21.0,84.0,680.0,700,0.37,0.249910746,0.0,0.535523027,0.464476973,36.33825802,51.4004358,
700,0,0,52,1065,1800,296,16.0,0.0,128.0,0.0,700,0.422857143,0.244328098,0.0,0.628272251,0.371727749,28.40296382,44.26780658,
700,50,0,0,1000,2000,240,3.0,0.0,30.0,256.0,750,0.32,0.25,0.066666667,0.666666667,0.333333333,38.5761822,45.90656567,
705,0,0,0,1018,1950,282,5.3,0.0,56.0,0.0,705,0.4,0.237533693,0.0,0.657008086,0.342991914,31.371158,37.2344619,
705,0,0,0,1050,1950,255,7.0,0.0,80.0,175.0,705,0.361702128,0.235,0.0,0.65,0.35,33.10633927,38.75314771,
705,0,0,0,1170,1760,254,9.9,0.0,85.0,226.0,705,0.360283688,0.240614334,0.0,0.600682594,0.399317406,35.41518098,41.34971432,
705,0,0,0,1170,1760,266,8.8,21.0,0.0,169.0,705,0.377304965,0.240614334,0.0,0.600682594,0.399317406,30.94981156,41.16956489,
705,0,0,0,1250,1700,282,3.2,0.0,85.0,0.0,705,0.4,0.238983051,0.0,0.576271186,0.423728814,29.234548485,40.672380765,
705,0,0,0,1265,1650,283,7.0,21.0,0.0,0.0,705,0.40141844,0.241852487,0.0,0.566037736,0.433962264,27.79507581,34.77854839,
705,0,0,0,1300,1600,255,0.0,0.0,116.0,282.0,705,0.361702128,0.243103448,0.0,0.551724138,0.448275862,31.3022104,37.10876129,
705,0,0,0,1340,1590,255,8.0,0.0,130.0,320.0,705,0.361702128,0.240614334,0.0,0.542662116,0.457337884,34.01185108,38.22110206,
705,150,0,0,865,1800,295,7.5,0.0,94.0,384.0,855,0.34502924,0.320825516,0.175438596,0.675422139,0.324577861,39.71135519,49.43680815,
708,0,0,0,1254,1650,283,3.5,0.0,71.0,160.0,708,0.399717514,0.243801653,0.0,0.568181818,0.431818182,30.202927105,39.17464737,
715,0,0,0,1016,1760,321,6.0,21.5,42.9,0.0,715,0.448951049,0.257564841,0.0,0.634005764,0.365994236,32.22287632,39.43565713,
716,0,0,0,1000,2000,272,15.0,0.0,0.0,0.0,716,0.379888268,0.238666667,0.0,0.666666667,0.333333333,26.8206164,38.0590752,
725,0,0,0,930,2000,269,5.0,44.0,72.0,0.0,725,0.371034483,0.247440273,0.0,0.682593857,0.317406143,38.23029507,44.12301662,
725,0,0,0,1155,1540,258,0.0,0.0,78.0,0.0,725,0.355862069,0.269016698,0.0,0.571428571,0.428571429,36.9559136,39.66785253,
725,0,0,0,1357,1547,290,3.1,55.0,0.0,0.0,725,0.4,0.249655647,0.0,0.532713499,0.467286501,42.32951718,48.87573692,
740,0,0,0,942,2118,255,7.4,0.0,103.6,89.0,740,0.344594595,0.241830065,0.0,0.692156863,0.307843137,37.0420981,47.37951504,
740,0,0,0,1389,1430,281,18.0,0.0,88.0,0.0,740,0.37972973,0.262504434,0.0,0.507272082,0.492727918,41.8167194,50.2628004,
740,140,0,0,950,1820,309,7.0,21.0,0.0,0.0,880,0.351136364,0.317689531,0.159090909,0.657039711,0.342960289,30.73224357,37.76489877,
750,0,0,0,1553,1500,292,0.0,0.0,35.3,0.0,750,0.389333333,0.245660007,0.0,0.491320013,0.508679987,29.25197691,39.65061563,43.32946258
752,0,0,0,1289,1700,310,6.6,0.0,96.0,180.0,752,0.412234043,0.25158916,0.0,0.568752091,0.431247909,34.04977226,41.22032266,
752,0,0,0,1800,950,292,7.5,0.0,30.0,0.0,752,0.388297872,0.273454545,0.0,0.345454545,0.654545455,33.79581527,45.48243347,
760,0,0,0,1090,1750,289,7.6,30.4,0.0,0.0,760,0.380263158,0.267605634,0.0,0.616197183,0.383802817,30.1473381,36.96740487,
800,0,0,0,964,1911,204,6.0,0.0,64.0,480.0,800,0.255,0.27826087,0.0,0.664695652,0.335304348,60.71169797,68.26296243,
800,0,0,0,964,1911,258,0.0,40.0,64.0,0.0,800,0.3225,0.27826087,0.0,0.664695652,0.335304348,47.31643963,56.62406422,
800,0,0,0,964,1911,258,10.0,0.0,36.0,480.0,800,0.3225,0.27826087,0.0,0.664695652,0.335304348,55.0891324,59.7086216,
800,0,0,0,964,1911,258,10.0,0.0,64.0,500.0,800,0.3225,0.27826087,0.0,0.664695652,0.335304348,53.864385293333335,60.374297463333335,
800,0,0,0,964,1911,259,10.0,8.0,64.0,512.0,800,0.32375,0.27826087,0.0,0.664695652,0.335304348,50.36208494,60.93057833,
800,0,0,0,964,1911,288,8.0,8.0,64.0,192.0,800,0.36,0.27826087,0.0,0.664695652,0.335304348,44.63495255,55.92859967,
800,0,0,0,964,1911,300,0.0,0.0,64.0,500.0,800,0.375,0.27826087,0.0,0.664695652,0.335304348,59.87158865,67.89040347,
800,0,0,0,1000,1930,256,29.0,0.0,54.0,192.0,800,0.32,0.273037543,0.0,0.658703072,0.341296928,46.75413364,53.46120296,
800,0,0,0,1018,1911,206,24.0,0.0,52.0,288.0,800,0.2575,0.273130761,0.0,0.652441106,0.347558894,54.24797168,66.00353748,
800,0,0,0,1034,1901,275,14.4,50.0,0.0,0.0,800,0.34375,0.272572402,0.0,0.64770017,0.35229983,46.95906123,54.19025999,
800,0,0,0,1034,1910,265,13.0,72.0,32.0,336.0,800,0.33125,0.27173913,0.0,0.648777174,0.351222826,46.89585927,54.48392569,
800,0,0,0,1034,1910,265,13.0,104.0,0.0,336.0,800,0.33125,0.27173913,0.0,0.648777174,0.351222826,44.0747533,50.42367813,
800,0,0,0,1034,1910,265,18.0,72.0,0.0,336.0,800,0.33125,0.27173913,0.0,0.648777174,0.351222826,41.950305375,48.05264678,
800,0,0,0,1044,1725,288,6.0,0.0,64.0,240.0,800,0.36,0.288912965,0.0,0.622968581,0.377031419,51.59578733,59.23747967,
800,0,0,0,1112,1760,259,8.0,32.0,0.0,64.0,800,0.32375,0.278551532,0.0,0.61281337,0.38718663,38.0073645,45.65419766,
800,0,0,0,1120,1720,250,4.0,0.0,64.0,384.0,800,0.3125,0.281690141,0.0,0.605633803,0.394366197,51.549909320000005,60.09189596666667,
800,0,0,0,1235,1600,228,18.0,0.0,55.0,512.0,800,0.285,0.282186949,0.0,0.564373898,0.435626102,69.2751011,77.93377053,
800,0,0,0,1285,1740,234,5.1,0.0,64.0,240.0,800,0.2925,0.26446281,0.0,0.575206612,0.424793388,63.087054,69.86690133,
800,0,0,0,1298,1675,259,4.0,0.0,64.0,320.0,800,0.32375,0.269088463,0.0,0.563403969,0.436596031,44.6780448,50.1249052,
800,0,0,0,1328,1516,224,25.0,0.0,60.0,0.0,800,0.28,0.281293952,0.0,0.533052039,0.466947961,54.5030778,63.80717338,
825,0,0,0,1020,1775,304,8.8,0.0,103.0,0.0,825,0.368484848,0.295169946,0.0,0.635062612,0.364937388,42.52917793,47.7806868,
826,0,0,0,1190,1640,270,8.0,0.0,145.0,334.0,826,0.326876513,0.291872792,0.0,0.5795053,0.4204947,35.02365711,41.4375076,
826,0,0,0,1200,1650,267,20.0,0.0,73.0,334.0,826,0.323244552,0.289824561,0.0,0.578947368,0.421052632,42.66659433,54.34677046,
826,0,0,0,1200,1650,270,8.0,0.0,145.0,334.0,826,0.326876513,0.289824561,0.0,0.578947368,0.421052632,34.5699436,42.51385624,49.80774624
826,0,0,0,1206,1755,270,16.5,0.0,145.0,334.0,826,0.326876513,0.278959811,0.0,0.592705167,0.407294833,34.7495904,45.53496497,
826,0,0,0,1250,1574,236,3.0,0.0,64.0,0.0,826,0.285714286,0.292492918,0.0,0.557365439,0.442634561,65.0175868,71.705504,
846,0,0,0,910,1827,287,10.0,25.5,0.0,203.0,846,0.339243499,0.309097552,0.0,0.667519182,0.332480818,29.29721419,38.7140774,
850,0,0,0,1161,1916,223,18.0,0.0,85.0,768.0,850,0.262352941,0.276243094,0.0,0.622684433,0.377315567,58.5537493,67.5858849,
850,0,0,0,1170,1775,200,15.0,0.0,85.0,640.0,850,0.235294118,0.288624788,0.0,0.602716469,0.397283531,51.425231440000005,60.566826410000004,
850,0,0,0,1299,1550,240,6.1,0.0,51.0,3.0,850,0.282352941,0.298350298,0.0,0.544050544,0.455949456,61.02175998,70.70889778,
