PC,FA,SC,FAGG,CAGG,WATER,AEA,WR_HR,WR,ACC,7day,28day,56day
164,109,274,1309,1815,217,5,0,30,0,36.44820855,47.21111967,
165,0,385,1350,1850,238,2,0,32,0,33.69526669,55.46940493,59.17166604
180,0,420,1159,1970,242,0.9,0,30,0,31.66643359,50.676486,51.33723383
180,0,420,1209,1710,242,5,109,20,0,35.74267776,51.27760693,57.46353268
180,0,420,1285,1740,225,3,0,40,0,36.6801232,50.49262573,
180,0,420,1285,1740,239,1.8,0,40,0,43.02521761,57.66572975,
180,0,420,1285,1740,239,2.5,0,40,0,39.73915155,56.57568715,57.55975473
180,0,420,1300,1700,270,1.5,0,20,0,24.40236567,41.65559186,46.26413105
180,0,455,1340,1750,238,2.5,0,33,0,34.10751588,49.10505528,59.122567
180,0,455,1340,1750,257,1.5,5,8,0,36.79157275,52.11576715,57.32679542
180,120,300,1200,1830,232,4,0,45,0,35.3011712,45.68927627,51.2625406
180,120,300,1200,1830,239,8,0,18,0,32.97665211,49.85568124,55.1063693
180,120,300,1210,1830,228,6,0,33,0,33.41775259,46.20904715,52.83621397
180,120,300,1250,1740,234,5,0,39,0,27.11070976,45.51231076,48.91612724
180,120,300,1250,1740,234,9,0,39,0,29.8026001,45.35890235,51.10688617
180,120,300,1250,1740,270,6,0,22,0,24.84064947,46.59478808,48.03677789
180,120,300,1250,1750,239,4,45,39,0,32.43639842,44.13565702,48.67355822
180,120,300,1250,1830,239,4,45,39,0,31.74982548,46.15275735,50.22258097
180,120,300,1250,1830,240,11,0,18,0,31.28027253,44.46075539,49.01234165
180,120,300,1280,1830,214,9,0,18,0,30.20479443,42.74176637,45.63431803
180,120,300,1280,1830,238,5,0,18,0,31.19908432,49.13700181,56.04506215
180,180,240,1116,1450,242,1.5,0,30,0,24.9590312,43.30196562,53.4688638
180,180,240,1116,1970,184,0.4,5,0,0,28.7166754,52.227807,57.4678246
180,180,240,1116,1970,242,0.9,0,30,0,31.3603474,48.54973982,52.27353755
180,180,240,1116,1970,242,0.9,30,0,0,28.87749769,45.44050693,48.1948284
180,180,240,1116,1970,242,1.5,30,0,0,27.58644173,44.97785717,51.87583643
180,180,240,1270,1825,209,15,0,46,0,30.67019073,47.66577413,
180,180,240,1270,1825,210,15,0,46,0,32.6219472,50.51087549,60.36787947
180,180,240,1270,1928,200,15,0,18,0,37.7832848,56.89777569,58.03549317
180,180,240,1290,1950,209,18,0,71,0,33.66075123,50.38441766,53.71275475
180,180,240,1290,2060,192,32,0,32,0,33.9759446,51.4588302,58.54721117
180,180,240,1320,1775,209,14,36,55,0,42.94181887,61.01235804,
185,0,440,1265,1960,235,5,0,75,0,43.79321727,56.49872778,
188,187,250,1265,1800,228,8.5,0,52,0,35.54109732,52.94959765,66.82470336
195,0,455,1145,1870,260,9.8,0,50,0,41.023822,52.56679937,
195,0,455,1230,1850,238,3.3,0,104,0,51.82011684,61.1541437,
195,0,455,1250,1850,242,3,0,35,3,35.852752,51.06144343,57.8297995
195,0,495,1250,1850,242,3,15,35,0,41.1789541,54.77312257,58.76921055
195,130,325,1190,1735,245,6,0,46,0,33.39966897,52.9862306,56.50589437
198,198,264,1345,1550,249,5,0,55,0,32.67409085,49.67036176,58.49354506
200,300,0,1430,1460,297,2.5,0,20,0,11.07170775,20.77829945,29.25509348
204,204,272,1015,1970,264,1.1,40.8,0,0,31.4401056,49.0906912,56.5715058
210,175,315,1280,1600,245,10,0,55,0,36.8524922,52.58403627,
233,233,310,1225,1600,258,3.9,21.3,32.9,0,50.20847805,68.58179468,73.79308411
233,233,310,1370,1601,250,0,23.3,50.4,0,55.81997696,70.16107776,75.71595607
240,0,560,1400,1650,264,0,0,100,0,52.50129915,68.90666236,70.72185157
246,0,164,1520,1750,250,3.3,8.2,0,0,13.5482034,24.76367967,
264,0,396,1527,825,246,3.5,0,38,0,26.0449559,39.4380272,49.48139427
274,140,443,1126,1606,275,13,0,40,0,37.29080194,45.2296256,52.10140307
274,140,443,1197,1738,279,0,0,40,0,55.69350338,60.93296383,80.79991071
274,140,443,1210,1738,279,0,40,81,0,54.18596774,66.42978139,72.98693143
274,140,443,1300,1606,292,0,0,75,0,63.31458108,66.28162613,84.35164297
275,0,413,1065,1870,255,5.1,0,27.5,0,34.72779412,48.9167568,63.24381503
275,0,413,1070,1870,255,2.8,27.5,0,0,33.41906588,47.10756376,
275,0,413,1085,1870,255,5.5,0,34.4,0,34.03425905,51.56322875,
275,0,413,1159,1870,255,7,55,0,0,35.42966445,53.67639884,53.8480756
280,105,315,1335,1500,238,25,0,89,0,47.20707275,61.98619066,
300,0,200,1424,1710,250,6.3,15,0,0,21.90235427,32.69035542,
300,0,450,1038,1750,279,7,0,30,0,41.4030338,55.80159093,59.34090107
300,0,450,1112,1700,250,2.8,0,50,0,56.23497585,80.02518107,
300,0,450,1121,1700,283,5,0,75,0,53.65781679,69.39044905,
300,0,450,1121,1700,284,5,0,25,0,50.04028769,72.03979539,
300,0,450,1240,1700,284,8,25,75,0,53.26648983,73.4467443,
300,0,450,1481,1500,276,0,0,0,0,40.1102663,62.5354732,
300,120,180,1180,1940,238,9,0,37,0,31.0953676,42.17294867,
300,120,180,1200,1800,233,10,0,40,0,31.90080093,46.5793271,
300,120,180,1200,1830,220,12,0,37,0,34.42365629,51.78460786,52.49815417
300,120,180,1200,1830,232,4,0,45,0,35.73333828,51.53935047,55.49236186
300,120,180,1200,1830,233,8,0,40,0,34.82193918,51.29809637,57.79314999
300,120,180,1200,1830,234,4,0,35,0,35.41086056,53.85765166,
300,120,180,1210,1830,228,6,0,33,0,34.61935604,52.59388592,58.01448057
300,120,180,1210,1873,228,2.3,0,35,0,39.80175053,58.10445355,63.42591478
300,120,180,1210,1873,229,5,0,30,0,38.77935552,57.6746674,64.61387156
300,120,180,1210,1900,228,2.3,0,35,0,39.31002448,54.83840492,60.20836468
300,120,180,1210,1900,228,5,0,30,0,38.39519475,53.31732272,59.09455704
300,120,180,1210,1900,232,4,45,45,0,37.66919294,54.96694193,60.74264408
300,120,180,1210,1973,228,2.3,0,35,0,39.3346058,57.52815375,60.72272588
300,120,180,1250,1750,239,5,45,39,0,34.17732532,51.9175428,62.25106435
300,120,180,1255,1860,234,1.8,0,36,0,33.1293218,52.37719347,61.7425758
300,125,371,1328,1625,230,0,15,50,0,57.50069497,90.92379978,97.80843856
300,150,150,1231,1720,242,1.2,0,36,0,38.16067481,55.62432837,60.7083618
300,180,0,1210,1873,229,4,0,40,0,40.42627613,63.1904754,69.6715498
303,182,121,1174,1835,242,1,0,39,0,37.15725017,52.80010915,59.53669458
310,0,310,1378,1825,238,4,0,34.1,0,33.22584844,49.81693925,
310,110,200,1121,1720,246,1.2,0,40.3,0,42.0189657,57.30981968,61.2599426
310,110,200,1252,1720,213,2.5,0,31,512,45.66342092,63.26708384,68.66491484
310,200,110,1211,1720,246,1.2,0,40.3,0,43.8161998,57.68615867,
315,150,210,1550,1650,280,0,0,28,0,32.7941274,38.29177335,55.64642243
320,0,480,1375,1500,280,0,0,90,0,51.6245155,64.11437324,69.15807162
320,110,210,1257,1700,255,2.6,0,41.6,0,41.17901689,60.37732747,64.23618067
320,115,350,1225,1824,275,0,0,78.5,0,56.09043959,72.02467203,78.35983134
320,128,192,1230,1850,237,1.9,0,38.4,0,35.55780949,54.2325107,61.5012592
324,0,216,1320,1700,267,2.2,21.6,37.8,0,31.2504997,44.81594,50.84502458
325,0,325,1154,1870,260,4.6,0,50,0,37.38568697,54.37296701,
325,130,195,1062,1970,208,2.6,0,33,0,35.11313229,50.52709953,58.04749516
325,130,195,1150,1900,234,3,0,39,0,38.82284224,50.84991794,55.53801001
325,130,195,1155,1830,225,9,0,50,0,39.4035534,59.59370893,
325,130,195,1155,1830,232,8.5,0,50,0,35.37956515,54.21170181,59.01729161
329,0,329,1390,1700,263,6,0,79,0,32.20103639,43.56210267,
330,0,220,1120,2210,220,2.2,15,27.5,0,41.50153037,50.33415315,54.99615761
330,0,220,1200,2070,220,1.9,27.5,0,0,30.88341757,46.33110555,49.6767458
336,0,224,1350,1710,258,4,0,5.6,0,24.7177146,37.63772876,
336,0,224,1496,1710,238,0,0,40,0,28.7511492,39.33230755,
336,112,112,1270,1725,259,1.4,0,21.3,0,35.77690964,50.84425849,
338,0,226,1293,1710,266,7.1,16.9,0,0,23.8041589,40.67793487,
340,0,220,1200,2000,210,11,0,55,192,35.99691516,53.29022684,
340,0,225,1325,1800,212,0.7,30,3,0,24.9245574,38.10504027,
340,0,225,1325,1800,255,5.6,22.6,0,0,31.72768967,41.0413613,
340,0,240,1461,1850,300,6,0,30,0,24.821136,40.334346,
342,0,228,1026,2180,225,3.4,0,22.8,0,39.8517128,51.51890031,56.86108572
342,0,228,1123,2118,229,5.7,0,22.8,0,28.5098326,47.746213,
342,0,228,1138,2118,229,5.7,22.8,22.8,0,30.75313679,47.91283637,61.0875736
345,115,115,1380,1735,251,11.5,0,28.8,0,41.5754028,50.63052093,
348,0,232,1279,1710,266,7.3,17.4,0,0,25.9179774,38.11805674,
348,0,232,1290,1710,263,7.3,17.4,0,0,23.94102951,36.68034489,45.11471293
348,0,232,1300,1700,261,2,23.2,37.7,0,30.4576023,42.3338264,
348,0,232,1311,1710,266,5.8,17.4,0,0,22.2528379,39.5586855,
348,0,232,1330,1710,238,3.3,0,11.6,0,22.63169793,35.680383,
348,0,232,1380,1700,250,4,0,33,0,29.36018633,45.60500698,
348,0,232,1380,1700,261,1.1,26.1,23.2,0,30.80923506,42.76096519,
348,0,232,1537,1630,283,0,17.4,40.6,0,24.5453456,37.55674269,
350,0,0,1580,1750,250,0,8.1,0,12,13.86708605,17.36904957,
350,0,150,1380,1800,275,3.3,12.5,0,0,23.7007375,33.3534015,
350,0,210,1200,1980,235,3,0,60,0,35.4390664,44.58611467,
350,0,210,1282,1955,231,3,0,80,0,39.04732413,49.94104493,
350,0,350,1134,1870,360,3.5,50,0,0,28.785623,46.24085707,
350,0,350,1184,1750,267,7,0,30,0,33.49483984,47.15649849,
350,0,350,1322,851,276,3.9,0,70,0,21.9770475,36.55371927,37.1972302
350,100,0,1250,1850,266,4.5,0,0,0,14.33008834,20.99044018,25.26340244
350,100,0,1550,1725,266,4.5,0,90,0,17.64579757,26.523502,28.36366369
350,140,210,1300,1800,266,0,35,0,0,44.12396791,59.80530146,67.36640171
350,150,150,1160,1900,260,10,0,40,0,37.20973633,49.19679087,54.15107001
350,150,150,1160,1900,260,11,0,40,0,34.40156918,48.76893573,57.41036827
350,150,150,1218,1892,260,9,0,36,0,33.60104118,51.6848855,57.17921061
350,150,150,1380,1800,247,0,0,48,0,43.53953211,61.71052321,69.01412394
350,150,250,1420,1500,242,0,25,15,0,43.06783106,61.03894092,70.41704573
350,150,250,1420,1500,300,0,25,15,0,39.6621069,56.537032,64.66031287
351,0,234,1350,1750,267,1.2,35.1,0,0,28.66065548,40.44064022,
351,0,234,1355,1750,271,1,27,0,0,24.8900836,37.6453896,
351,185,0,1434,1834,273,11,0,0,0,15.02466701,25.78461155,30.94799211
360,0,240,1290,1610,292,6,0,30,0,30.80101438,40.54649246,
360,0,240,1305,1655,262,7,0,37,0,26.40812272,39.42778952,37.32219773
360,0,240,1320,1650,263,2.5,0,16,0,27.7686459,40.10069024,
360,0,240,1335,1725,264,3,0,36,0,30.88502827,46.01020938,
360,0,240,1350,1700,270,2.5,0,17,0,28.07183424,42.8199062,53.1068889
360,0,240,1360,1700,264,4,0,16,0,29.67298404,40.02108408,
360,0,240,1385,1800,270,0,0,39,0,30.22890558,43.96274765,
360,0,240,1492,1700,283,0,0,24,0,29.415122,46.84787665,47.83365758
360,0,240,1538,825,292,6,18,0,0,21.00603547,39.13925427,39.7827652
366,0,244,1174,1775,267,3.5,21.2,0,0,27.93986577,40.73489872,
366,0,244,1238,1770,258,2.4,0,21.2,0,26.18089318,38.82073993,
366,0,244,1238,1770,262,2.4,0,21.2,0,26.63513237,36.82089122,
366,0,244,1350,1750,250,3.4,20.3,0,0,24.37332482,38.51283291,
367,0,244,1340,1550,300,1.5,24.4,24,0,29.82845545,45.80336813,
370,153,225,1240,1675,263,0,0,30,0,40.81751785,60.44950128,65.93877195
372,0,248,1260,1700,258,2.1,24.8,40.3,0,35.34943452,49.56413139,
375,0,250,1200,1850,279,3.1,0,100,0,27.31751462,39.57801172,
375,0,250,1300,1650,262,2,0,39,0,33.19724033,46.53747539,55.75562587
375,0,250,1320,1725,263,4,0,39,0,31.0091831,44.56313213,
375,0,260,1305,1775,250,2.5,10,28,0,28.8545706,43.80930504,
375,150,225,1101,1740,251,8,11.3,50,0,49.52506108,69.6887867,70.83476254
375,150,225,1140,1730,250,3.8,0,41.3,0,54.70647322,71.43827572,77.55127551
375,150,225,1350,1550,263,7.5,0,67.5,0,51.9175428,67.1894362,69.95883147
378,0,252,1219,1900,280,0,0,44.1,0,31.03533564,44.58056716,
378,0,252,1402,1500,284,7.9,18.9,0,0,27.4556238,37.60881603,
380,180,40,1215,1925,229,1.5,24,30,0,39.13853606,51.05684693,58.0717545
385,165,0,1250,1900,220,1.7,0,33,0,33.48883429,41.97923874,46.11609474
385,165,0,1300,1860,220,6,0,33,0,30.2679964,42.1269836,48.5391104
385,165,0,1300,1860,220,6,8,33,0,32.51091021,44.16086153,51.10428145
387,0,258,1150,1815,291,8,20,0,0,36.97694846,46.61828853,
390,0,260,1068,2000,260,6.5,52,0,0,33.14710302,42.24189627,
390,0,260,1081,2000,260,6.5,52,0,0,32.46282833,39.59660668,
390,0,260,1235,1830,225,10,0,51,0,44.77325815,59.26082508,60.7083618
390,0,260,1295,1550,300,1.6,0,32.5,0,35.6286723,54.640973,
390,0,260,1300,1725,260,3,0,44,0,36.65178923,46.89434726,53.17897048
390,0,260,1325,1700,260,3,0,40,0,36.03312385,49.814641,
390,0,260,1360,1705,259,0,0,48,0,43.31734364,59.42823469,63.81592863
390,0,260,1360,1805,293,0,0,50,0,39.2656582,63.61565227,
390,0,260,1445,1537,258,0,0,45,0,36.8524922,57.6057198,
390,0,260,1445,1537,259,0,45,74,0,35.97125569,52.60127317,
390,0,260,1445,1537,289,0,45,74,0,40.56426071,60.18161528,
390,0,260,1445,1600,258,0,0,40,0,36.7490708,56.3991368,
390,0,260,1445,1600,259,0,45,45,0,37.60599097,52.4174129,
390,0,260,1495,1600,280,15,0,76,0,35.19959661,49.52293962,
394,0,263,945,2050,263,3,20,0,0,23.7352113,40.21943333,
394,0,264,1134,1870,265,7.4,0,14.6,0,33.04888293,42.81186309,
394,0,264,1160,1870,265,7,19.7,0,0,28.3374636,41.08127833,
395,0,130,1300,1870,259,6,16,0,0,31.15569675,36.79680375,
395,0,169,1384,1785,250,2.3,0,31,0,32.405372,46.68518604,
395,0,170,1310,1800,254,4.5,12.9,0,0,25.4244275,36.5767018,
395,0,170,1315,1800,254,5.6,11.3,0,0,28.43513937,35.64820746,
395,0,170,1330,1800,254,5.6,11.3,0,0,27.406671,37.576442,
395,0,170,1330,1800,255,5.6,13,0,0,25.51923045,39.0760523,
395,0,170,1340,1800,254,1,3,0,0,29.79455621,40.85260213,
395,0,170,1340,1800,254,5,17,0,0,27.234302,39.13465776,41.0582958
395,0,170,1340,1800,254,5.7,17.1,0,0,26.45634325,35.50715216,
395,0,263,1200,1850,240,6.5,23.1,0,384,31.20568376,43.69760993,
395,0,263,1220,1800,246,4.6,26.3,0,0,26.01622773,39.6276331,42.5061954
395,0,263,1225,1800,264,1.6,26.3,0,47,39.0071047,57.58273727,
395,0,263,1225,1800,264,5.3,39.5,0,0,29.9577322,41.540929,42.747512
396,0,215,1190,1780,275,4.3,18.3,0,0,27.4411448,36.86398347,
396,0,264,1026,1880,275,3,0,19.8,0,29.0958872,39.13925427,
396,0,264,1160,1860,224,11.9,0,100,0,32.56896585,46.49092186,
396,0,264,1206,1750,267,3,0,12,0,30.41777672,47.24555519,
396,0,264,1230,1700,264,0,26.4,44.2,0,38.9898678,50.86034627,
396,0,264,1250,1750,275,2.8,0,0,0,28.25630019,43.1564243,
396,0,264,1275,1750,262,3,23.6,0,0,28.85227235,43.77187634,
396,0,264,1300,1700,225,2.3,39.6,0,0,24.86203712,41.05558438,
396,0,264,1302,1500,292,6.3,0,6.6,0,27.15332866,42.61925464,
396,0,264,1311,1800,246,2.7,0,24.7,0,36.46753477,48.5039982,
396,0,264,1327,1500,259,2,0,26.4,0,35.54548552,52.39418056,
396,0,264,1337,1500,292,5,0,6.6,0,27.6479876,39.3510219,
396,0,264,1400,1700,260,0,0,46.2,0,38.30680306,59.27902502,60.21188155
400,0,140,1215,1975,208,1.8,0,0,0,22.1494165,35.28967993,
400,0,160,1110,1920,254,6.5,0,6,0,27.7858828,35.2322236,
400,0,164,1121,1940,233,6,0,0,0,27.406671,40.80165751,
400,0,260,885,2150,225,7,20,26,384,44.96245365,58.26761676,
400,0,260,1069,1850,242,8.5,0,0,0,28.90874372,43.76514575,
400,0,400,1187,1760,248,5,0,55,0,51.04200273,75.07988066,75.10827085
400,100,0,1427,1750,250,6.3,0,10,0,16.17970347,23.83288707,
400,100,0,1445,1700,264,3.3,35,28,0,21.54490347,29.87983849,34.32816285
400,150,200,928,1977,254,6,0,30,0,44.27865944,58.68518066,67.83362309
400,175,0,1280,1925,219,1.1,28.7,0,0,38.17060808,47.05455511,54.11045952
400,200,0,1233,1820,242,1,0,39,0,35.1115653,46.29615879,
400,200,0,1496,775,259,1,0,36,0,18.88368691,27.91210433,32.2079926
405,0,135,1411,1900,284,5.4,16.2,0,0,16.3061074,27.3721972,
405,0,270,1490,1650,260,0,0,49,0,38.8864464,54.49158653,58.15347018
405,0,325,1300,1600,254,3.6,10,0,0,34.78093022,47.1601584,
405,125,175,1255,800,245,18,0,20,0,18.2366402,29.48659027,31.00343747
405,135,0,1359,1750,259,0,16,0,0,27.5393429,37.53182885,42.9715917
405,150,150,1132,1750,267,4,0,35,0,38.28430403,55.62998802,
405,150,150,1132,1750,267,10,20,70.5,36,40.12508928,54.22414928,60.69687053
408,0,272,1121,1710,275,8.5,20.4,0,0,33.67745522,45.23307298,
408,0,272,1142,1760,271,8.5,20,0,0,28.49381289,44.5564253,41.80063163
408,0,272,1185,1750,267,4.1,0,6.8,0,25.76128577,43.3410609,44.04410992
408,0,272,1386,1400,296,6.3,20.4,27.2,0,26.93552907,44.68849307,
410,110,0,1460,1650,271,1,15.6,18.2,0,26.54865642,34.58583985,36.95399839
413,137,0,1380,1700,258,3.5,0,35,0,29.23569761,38.78685542,
414,0,174,1085,2100,217,2.9,11.2,0,0,26.65973867,34.4738,
415,103,172,1150,1900,311,0,13.8,0,0,21.4082298,43.95573661,52.49867257
416,0,264,1120,1850,283,5.1,0,81.6,9,26.06835885,42.68806385,43.24894909
416,0,264,1120,1850,284,5.1,20.4,81.6,0,26.72380605,42.28153631,44.41374567
420,0,180,1205,1870,260,3.5,45,0,192,28.4753588,42.6096168,
420,0,180,1228,1870,260,3,45,0,0,29.02263038,37.45865652,
420,0,180,1228,1870,260,4.8,36,0,0,29.00395707,41.23832564,
420,0,180,1235,1870,265,4.8,24,0,0,29.15621635,40.66471992,
420,0,240,1050,2050,235,20,0,78,384,35.3370715,45.31039279,
420,0,240,1050,2050,240,7,0,60,0,36.21127952,49.35499033,
420,0,280,920,2050,267,7,56,35,0,23.097446,48.1426617,
420,0,280,1024,2000,231,16.5,0,84,512,40.4477265,51.62244707,
420,0,280,1062,2000,232,9,24,84,512,40.88041099,54.17125379,
420,0,280,1062,2000,238,16.5,0,84,384,38.7313143,46.6085776,
420,0,280,1062,2000,240,16.5,0,84,512,39.87124795,55.79929268,
420,0,280,1062,2000,259,16.5,0,84,384,33.65956168,44.20716403,
420,0,280,1140,1860,221,11.2,21,77,512,37.92118,44.41180099,
420,0,280,1144,1800,267,7,56,35,0,30.16183898,45.84803254,
420,0,280,1310,1750,260,7,0,100,0,29.25594413,44.71031814,
420,0,280,1310,1750,260,7,39,60,384,28.4236481,43.31058407,
420,0,280,1375,773,278,3,0,32,0,20.7877014,33.22125193,
420,0,280,1375,850,260,3,0,32,0,31.0781307,43.8161998,
420,0,280,1375,850,279,8,0,32,0,28.4753588,41.8511932,42.8509334
420,0,280,1400,1600,290,0,0,85,0,41.4030338,62.71933347,
420,0,280,1488,1500,231,10,14,98,384,32.07681017,46.85931704,
420,140,190,1060,1800,300,10.8,0,35,0,39.51308408,52.40920485,
420,180,0,1190,1874,288,8,0,29,0,36.53730317,47.5393702,53.47378863
420,180,0,1190,1900,240,3.5,0,36,0,34.88231453,45.03102182,51.8172152
420,180,0,1190,1901,229,6,0,29,0,36.50430682,47.21704017,54.94089506
420,180,0,1190,1920,240,2.7,12.6,27,0,30.14389072,41.540929,
420,180,0,1190,1920,240,5,12,27,0,31.3022104,43.41400547,
420,180,0,1190,1950,228,8,0,29,0,35.1977498,49.13255224,53.94164734
420,180,0,1370,1900,240,0,0,0,0,33.02015477,42.21891373,48.6770056
423,0,280,1350,1700,268,0,0,49.2,0,42.31228028,53.06666947,56.92116863
423,0,282,1210,1660,271,7.1,21.2,0,0,30.6127344,44.56313213,
423,0,282,1300,800,283,4,0,56.4,0,34.96383517,49.1947111,
423,0,285,1225,1750,283,0.6,0,32.7,0,34.84861868,46.29285505,48.00415814
423,0,285,1225,1750,283,4.4,0,25,0,31.18401451,41.15022593,
423,0,285,1225,1750,283,6,0,25,0,29.38822502,44.08509544,
423,141,0,1346,1725,255,2.8,16.8,0,0,24.9590312,34.7495904,36.7835446
425,140,0,1523,1650,242,10,0,45,0,23.6490268,32.83875691,
426,0,284,1335,1500,258,3.5,0,6.6,0,30.1990488,45.75822387,
426,0,284,1335,1500,292,5,0,6.6,0,28.613254,39.5069748,
426,0,284,1360,1500,267,5,0,27.4,0,31.11451971,43.75989259,
426,0,284,1360,1500,315,2.4,0,27.4,0,30.9738885,43.67994621,
427,183,0,1250,1710,255,2,0,30,0,32.63882615,42.53502437,
427,183,0,1253,1710,254,7.3,37,0,0,29.6819418,40.4032936,
427,183,0,1253,1710,259,9,0,12.2,0,30.62135285,41.4202707,
427,183,0,1273,1710,259,9,0,12.2,0,31.1815521,39.48399227,
427,183,0,1273,1710,300,9,0,12.2,0,31.2849735,39.82298463,
428,0,183,1299,1550,308,5.3,24.4,0,0,24.74726357,37.72309245,
428,0,183,1340,1550,225,1,4,0,0,33.1982694,45.01129153,
428,0,183,1340,1550,308,1.5,0,4,0,31.44700036,45.46864395,
428,0,183,1420,775,290,0.2,0,36.7,0,26.6137736,44.0230426,
428,0,188,1290,1800,234,1,0,3,0,31.5090532,46.1259444,
428,183,0,1254,1475,308,6.1,24.4,0,0,21.9942844,31.47990086,35.46304817
429,231,0,1155,1900,250,13.2,39.5,0,0,32.58110083,47.95578129,55.58235857
430,0,140,992,2300,230,2.3,0,57,0,40.99379305,53.4648703,
430,0,140,992,2300,230,11.5,0,70,0,41.24962539,48.54313837,
430,0,230,1200,1800,292,6,25,0,0,27.70699392,38.492679,42.18428252
435,190,0,1200,1780,235,6,12,44,0,36.50974307,47.68463385,55.3148516
435,190,0,1280,1800,235,15,12,44,320,39.56525194,53.08735375,62.80219155
436,146,0,1156,1952,216,9.5,0,40,0,36.75034761,47.3670012,52.68992008
440,110,0,1208,2108,220,4.4,11,11,0,21.029018,25.3727168,
440,240,0,1010,1900,286,0,20.4,0,0,22.67039033,33.50311319,39.2311844
441,189,0,1310,1650,230,17,28,38.5,384,34.68388739,46.88590017,51.04931376
441,189,0,1400,1574,219,13,28,38.5,384,37.07082627,47.82841975,54.14455028
441,189,0,1400,1574,223,17,24,34.7,384,30.6989189,39.21969313,44.126464
445,195,0,1000,2121,237,6.4,0,89,0,30.12625605,40.04774292,47.42220157
448,112,0,1334,1710,258,7,0,0,0,18.66947791,27.72099094,27.73991773
448,112,0,1334,1710,258,7,0,5.6,0,20.8221752,28.03869067,
450,0,150,1096,2118,238,6,0,84,0,34.2669572,44.20230636,
450,0,150,1237,1791,275,4.5,14,0,0,27.24533362,43.15568179,
450,0,150,1295,1800,275,4.2,14,0,0,29.91833357,38.82611725,
450,0,300,1750,1000,292,6,0,30,0,29.22450099,44.14038611,
450,50,150,1550,1490,293,0,0,18,0,32.2847137,50.45527912,57.51091685
450,125,0,1358,1650,266,5.8,31.9,0,0,23.2008674,31.4401056,
450,130,0,1420,1650,190,1.5,17.4,23.2,0,32.17834941,39.80156909,44.45741248
450,130,0,1420,1650,267,1.5,17.4,23.2,0,27.35285357,37.65228436,43.27533739
450,130,0,1560,1500,267,0.3,11.6,14.5,0,34.6806428,39.86320407,45.80090571
450,150,0,1270,1740,270,5,0,12,0,26.45289587,36.70885137,
450,150,0,1270,1740,270,11,0,12,0,24.14544952,33.18677813,
450,150,0,1475,1400,362,0,24,0,0,27.4756186,36.56521053,
450,150,0,1540,1575,276,0,0,36,0,29.00108425,38.8002619,
450,190,0,1008,2000,248,13,23,70,512,39.95896462,47.85528584,
450,190,0,1008,2000,250,13,0,70,0,19.8569088,36.34687647,
450,190,0,1010,2000,243,12.4,0,42,512,21.9253368,34.45950599,34.83535449
450,193,0,1070,2000,239,5.1,25.7,0,0,24.67070487,37.72780972,42.2676367
450,193,0,1420,1580,251,8.8,0,71.2,0,23.8903434,39.34331131,40.97785693
451,0,113,1400,1775,242,4.8,0,13.1,0,21.76622695,35.31102086,
452,0,300,1190,1550,266,1.9,0,37.6,0,41.47463323,54.56495385,
455,0,195,1240,1610,225,1.5,0,5,0,36.4732804,48.69998813,
455,0,195,1360,1750,260,6.5,0,91,0,34.4738,45.6088374,
455,195,0,1085,2025,220,9,0,50,0,24.51805384,40.0585556,44.32181553
455,195,0,1150,1820,200,3.9,0,40,512,43.52029968,56.22756952,62.1045507
455,195,0,1185,1850,245,9,0,50,0,29.9060215,46.53963,
455,195,0,1240,1850,234,4,0,34.1,0,31.29437545,39.32311453,46.56261253
455,195,0,1250,1700,239,12,0,45,384,34.95006881,48.08036993,56.505153
455,195,0,1250,1700,272,11,0,16,0,26.85336651,36.8344345,
455,195,0,1250,1700,273,5,0,50,0,28.53471766,40.19143845,47.31622669
455,195,0,1250,1700,273,6,20,50,0,30.94365167,43.97544018,50.76437687
456,0,155,1415,1750,287,0,0,35,0,34.3703786,45.9018647,
456,0,304,1402,1447,279,0,0,57,0,41.97599556,50.9386404,56.90110225
460,0,115,1310,1725,248,2.3,0,35.9,0,27.6135138,37.46152933,
460,0,115,1350,1725,248,13,0,0,0,37.3006516,46.03401427,
460,0,198,1228,1800,266,5.1,20,0,0,29.28779135,43.15790011,
460,0,245,1300,1600,310,6.5,0,50,0,30.17706551,40.51854178,43.08041571
460,80,0,1210,1800,279,5.4,0,7,0,15.71430717,24.03972987,26.03921027
460,100,0,1190,1850,282,6.9,17,0,0,25.28078667,34.84110267,
460,150,0,1591,1416,259,1.5,18.3,18.3,0,29.2682562,36.0940686,38.610656
460,200,0,1250,1750,244,6.6,0,80,0,27.15673595,36.21903613,40.63311893
460,200,0,1395,1550,247,13,55,68,0,41.713298,58.12547863,
460,200,0,1500,1600,244,0,30,46,0,26.05453196,35.99830804,44.27689513
461,0,197,1130,1900,263,2,0,39.5,0,31.07468332,43.61625176,
461,0,197,1240,1800,250,5.3,0,79,0,34.77257293,45.505416,
461,0,197,1284,1850,292,0,0,0,0,30.73440664,46.55720488,
462,0,198,1240,1750,258,14,0,79.2,0,25.56577008,37.74042548,
462,0,198,1278,1775,263,3.3,0,23.1,0,32.8535314,43.68979587,
462,0,198,1302,1750,258,4.2,0,29.7,0,33.49776054,44.19110237,
462,0,198,1302,1775,263,3.3,0,19.7,0,32.14838549,43.02789891,
462,0,198,1302,1775,272,3.3,0,19.7,0,29.41764267,38.21995293,
462,198,0,990,2118,242,8,0,26.4,0,29.35914167,43.5059356,46.10087255
462,198,0,1050,1900,277,11,0,80,0,26.92156511,41.56429389,
462,198,0,1050,1900,289,0,52.8,0,132,24.60772676,38.83012301,50.5903015
462,198,0,1050,1900,289,5,0,52.8,0,27.26590298,44.78699903,
462,198,0,1265,1800,261,10,0,19.7,0,26.06985364,35.56834315,
464,113,0,1334,1710,258,7,0,5.6,0,23.11583203,32.30424885,
464,116,0,1316,1710,258,7.3,0,11.2,0,20.14131765,32.1468185,
464,116,0,1316,1710,258,8,0,0,0,20.32720401,29.30117479,30.31625972
464,116,0,1394,1630,258,7,0,23.2,0,22.37924183,30.91725297,
465,0,155,1335,1900,225,2.5,0,87,0,32.68460978,42.65270905,
465,198,0,1559,1273,232,2,21,25,384,38.92313411,49.59535499,57.56325817
468,0,312,1006,1803,262,9.8,23,55,384,38.39320588,46.14715905,
470,0,82,1460,1725,262,5.5,22,0,0,25.46396116,35.27623156,36.3970933
470,155,0,1200,1780,240,7,12,44,384,39.472501,55.38024449,
470,190,0,1000,2050,235,25,0,62,384,23.17544297,33.0458952,
473,187,0,1150,1775,242,5,109,20,0,39.49548353,53.13561707,57.7091412
473,187,0,1150,1850,233,5,109,20,0,36.91893261,49.60917715,54.55685693
473,187,0,1150,1850,234,5,20,109,0,36.48583954,49.74676367,55.4579232
473,207,0,1100,1850,233,5,109,20,0,32.75011,46.39128819,54.96305679
473,207,0,1100,1850,234,5,0,20,0,27.25021298,36.57356782,42.01342285
473,207,0,1100,1850,234,5,20,109,0,28.44143639,39.62672726,45.85297383
474,245,0,1410,1720,251,2.1,0,25.6,0,26.0966666,48.5218735,
475,50,150,1550,1465,302,0,0,23,0,35.65570073,53.54458208,57.84061609
475,125,0,1140,1900,279,7.5,0,0,0,26.6137736,33.267217,
476,204,0,1180,1750,233,8.8,13.6,27.2,384,24.03972987,41.35542712,
476,204,0,1180,1750,242,9,0,38,0,30.4748392,40.35732853,
476,204,0,1180,1750,254,8,0,34,0,26.29201813,36.05193396,
476,204,0,1180,1750,254,8.8,0,27.2,0,26.70046482,37.25454974,
476,204,0,1180,1750,254,28,0,34,0,27.49266868,38.65185384,37.3695992
476,204,0,1180,1750,283,13.6,0,34,0,28.72245425,40.11210001,47.12990588
476,206,0,1156,1750,262,4.8,0,27.2,0,31.1815521,39.55293987,
476,206,0,1156,1750,263,6.8,0,13.6,0,28.15360333,37.51515524,
480,0,275,970,1950,240,7,0,90,0,46.58559507,62.48950813,
480,0,320,1260,1450,275,10,0,32,0,37.25468653,53.87105813,
480,85,0,1345,1800,220,7.9,17,0,0,18.788221,30.35992653,
480,85,0,1475,775,260,5.6,21.4,0,0,20.167173,28.56728893,
480,144,0,1615,1318,238,0,30,22,0,46.80163088,63.31359611,68.29524963
482,142,0,1180,1960,242,2.2,0,22.5,0,36.025121,48.10244227,
482,145,0,1612,1316,264,1,21,20,0,34.88993828,49.73197551,54.73315849
482,145,0,1612,1316,267,0.5,0,30,0,31.9572126,46.28682213,52.14736813
482,145,0,1670,1500,267,0,12.5,23,0,36.18599873,51.61015142,53.98341719
482,206,0,1013,1870,250,2,0,5,512,28.4064112,40.18584348,
482,206,0,1020,1870,250,12.4,0,20.6,0,30.99508018,39.65964449,
482,206,0,1020,1870,262,4.1,0,41.3,0,33.63582148,42.13303164,
482,206,0,1105,1770,255,8.9,0,34.4,512,43.58987181,51.42765196,
482,206,0,1105,1870,255,1.5,5,0,0,34.40960741,43.09881644,49.67987978
482,206,0,1143,1870,234,9,0,55,384,37.6453896,41.22439684,
482,206,0,1143,1870,255,9,0,55,384,39.41044816,44.93217858,62.0183662
483,207,0,980,2000,224,5.5,21,78,512,37.4730206,48.0220034,
483,207,0,980,2000,248,14,0,54,512,32.49730213,53.53186764,62.3113935
483,207,0,980,2000,254,6.6,0,78,0,38.5417084,42.34009436,
484,0,121,985,2042,266,0,0,0,0,26.68365293,37.21369067,43.13055422
485,0,121,978,1944,279,0,0,0,0,24.74874102,36.35169538,
485,0,160,1185,1800,267,12,20,0,0,29.25963775,42.04510833,
485,0,160,1280,1800,259,11,38,0,0,23.54295357,38.20682006,
485,0,160,1310,1750,265,11,0,60,0,24.38159505,34.80527885,
485,0,160,1310,1750,267,11,0,60,0,26.3379832,35.6459092,
488,122,0,1289,1710,258,7.3,0,64,0,26.93552907,32.78841422,
488,122,0,1289,1710,258,7.5,0,10,0,27.62500507,36.03661227,
488,122,0,1289,1710,258,7.9,0,12.2,0,27.02290689,35.8630505,
488,122,0,1290,1710,258,7.5,0,10,0,25.55849228,34.44164462,
489,0,122,1365,1485,308,4.9,0,24.4,0,32.2674768,41.77841518,
489,89,0,1339,1750,268,5.9,29.5,0,0,20.93708787,28.77413173,
489,122,0,1020,2186,235,0,0,24.4,0,27.3894341,32.34504285,
489,122,0,1195,1900,269,3.1,0,24.4,0,26.82923485,35.19200417,
489,122,0,1200,1800,267,4.4,12.2,0,0,20.9083597,29.69056025,
489,122,0,1200,1800,267,5.2,12.2,0,0,21.89740114,30.72282815,
489,122,0,1330,1450,308,3.1,0,24.4,0,31.52797999,38.82561028,
489,122,0,1330,1485,308,7.9,0,24.4,0,32.27012863,39.58109347,
489,122,0,1420,1850,257,0,18.3,0,0,26.55631727,38.77061443,43.23999486
490,0,200,1130,1800,298,6,0,75,0,29.1716538,42.83082369,46.46110635
490,0,210,1188,1880,235,20,0,84,0,37.8867062,46.7809466,
490,0,210,1255,1550,308,3.5,0,28,0,28.85770458,46.15116913,
490,0,210,1260,1610,307,5.6,0,84,0,34.3876155,48.4012152,
490,0,210,1290,1750,260,7,0,100,0,34.20662805,46.96523887,
490,0,210,1305,1700,267,6,0,91,0,31.66821698,43.96707654,44.56083388
490,122,0,1215,1750,275,4.6,18.4,0,0,25.7864024,33.07186547,
490,160,0,1125,1500,235,10,0,48,0,31.9572126,45.48013521,
490,160,0,1125,1825,235,10,0,48,0,38.74270818,50.99659986,57.65226917
490,160,0,1150,1820,235,13,0,57,0,38.35325163,50.48257088,60.07021346
490,210,0,1039,1950,259,9,0,84,512,31.0608938,42.4372478,
490,210,0,1041,1950,259,9,0,56,384,24.4074504,42.0925098,
490,210,0,1100,1900,245,7,0,84,384,27.6135138,40.63665471,47.2980536
490,210,0,1110,1875,259,7,0,112,384,24.44373861,38.68127169,45.13681152
490,210,0,1220,1750,259,7,20,150,384,32.060634,41.12341298,
490,210,0,1299,1800,240,8,0,64,256,27.36702613,41.19274362,
493,0,212,1239,1700,282,7,0,84,0,33.29594517,43.8506736,
493,212,0,1100,1870,234,13,21,95,384,19.3225649,34.07825851,39.42741988
493,226,0,1158,1800,258,14.6,10.6,0,448,31.92912284,40.20494955,
494,160,0,1370,1625,158,3.1,0,39,0,35.60962099,51.63297725,59.60396899
494,164,0,1250,1775,289,3.1,34,0,0,25.4933751,35.87778655,
494,165,0,1440,1590,288,0,0,37,0,30.26190158,43.1784345,49.03671707
494,165,0,1440,1800,240,11,0,37,0,32.73095789,44.86190507,
494,212,0,1075,1950,240,6.6,22.5,0,384,21.25556011,34.40079666,46.53963
495,0,160,1350,1600,262,6.6,0,79,0,33.2327432,40.4032936,
495,155,0,1440,924,271,2,26,16.3,0,26.30733982,32.69648409,37.60599097
495,165,0,1310,1650,275,4.3,53,39,0,30.99004923,41.80011533,50.69895387
496,124,0,1590,1405,278,6.2,0,24.8,0,26.92896263,39.04732413,
500,0,150,944,2175,257,16,39,0,0,31.18305256,42.79125393,45.14688848
500,150,0,1330,1975,153,0,0,35,0,31.70026788,49.25193962,53.03283407
500,150,0,1370,1650,260,13,127,211,0,43.16749282,52.75973169,54.28187092
500,150,0,1510,1500,260,0.3,16.3,19.5,0,39.45853587,44.11975229,52.07820727
500,160,0,1550,1360,258,2,0,30,0,34.14383649,50.13409821,55.90271408
500,170,0,1440,1840,230,3,0,30,0,33.32467333,44.18879044,
500,215,0,1335,1450,285,7.2,0,71.5,0,35.13126461,44.58611467,
500,215,0,1365,1450,242,1.8,71.5,0,0,34.25710754,42.27062443,49.2285864
504,126,0,1482,1450,275,9,20,70.5,0,29.21079987,41.86651489,
504,126,0,1507,775,300,0,0,0,0,20.00246484,23.8903434,37.99587323
507,273,0,1220,1650,288,7.8,0,60.2,0,33.62344627,49.55800271,58.10660384
508,127,0,1152,1800,255,6.5,19,0,0,24.8556098,38.54601763,
509,153,0,1559,1273,250,2,21,20,384,43.92794246,58.04503976,64.42451541
510,0,125,951,2200,254,5,50.8,0,0,37.59712628,47.80940312,
510,90,0,1286,1750,268,10.8,0,18,0,22.48945353,27.45953083,28.86606187
510,140,0,1250,1550,316,4.5,25,20,0,32.83685676,43.67174935,52.73616062
515,207,0,980,1990,234,10,0,80,512,28.3719374,45.38938223,58.0711161
517,0,0,1356,1800,233,1,2.3,0,0,20.6153324,25.14289147,
517,0,90,1410,1725,265,3.1,0,73,0,28.11014545,35.3494932,
517,0,90,1410,1725,265,3.1,24.2,0,0,27.14777276,35.90656476,
517,0,90,1425,1700,267,3.1,0,73,0,27.38273086,39.5759224,
519,92,0,1260,1850,261,6.1,0,61,0,25.80019192,36.38752682,
519,125,0,1160,1870,247,10,20,0,0,23.23081156,34.04975064,31.37288169
519,125,0,1160,1870,267,10,20,0,0,24.13104713,31.57213292,37.01193353
519,155,0,1578,1346,258,1,30,22,0,46.66373568,54.9512372,62.1907352
519,156,0,1578,1328,242,0,30,22,0,43.86887745,59.72201038,64.66527436
519,156,0,1578,1328,258,1,30,22,0,44.4022544,56.31639968,58.43998576
525,0,175,1185,1850,267,7.7,0,84,0,32.88130196,43.29507086,
525,100,0,1000,2250,200,12,0,106,0,32.1812923,44.4022544,
525,150,0,1450,1665,257,0,0,60,134,39.53102629,50.66758954,59.4376128
525,175,0,1100,1785,240,17,14,64,0,46.43728591,60.34214013,66.74255835
525,175,0,1540,1550,270,14,0,84,0,43.56503354,56.25795838,
525,225,0,1103,1650,279,9,0,37.5,0,31.25911815,44.03453387,
525,225,0,1191,947,242,9.5,0,34,25,38.17189855,50.09502791,53.95985428
525,225,0,1290,1700,258,3,24,30,75,47.50434394,66.40862153,68.15250214
525,225,0,1313,1500,221,6.8,13.6,20.4,0,27.7858828,46.15447444,
525,225,0,1400,1460,276,0,38,22,0,31.19077994,42.21756182,50.4528167
525,250,0,990,1850,258,7,0,37,0,26.32773423,35.89627212,42.03956789
526,0,226,1205,1550,200,1.3,0,6,0,56.4680844,70.55637733,
526,132,0,1513,780,285,6.6,0,72.3,0,26.5792998,33.89923667,
526,226,0,1135,1770,259,7.5,60,0,384,23.786922,49.66985104,
527,225,0,1160,1800,253,0,80,48,0,31.7503698,42.4717216,
527,225,0,1160,1800,253,0,90,48,0,32.05657826,44.63578659,
528,0,132,1205,1750,258,8.3,0,6.6,0,25.10841767,36.67859103,43.39102293
528,0,132,1230,1775,264,10,30,0,0,26.90103953,38.03791392,39.43701326
528,0,132,1239,1700,263,6.6,19.8,66,106,29.93642112,43.16150178,
528,0,132,1265,1800,258,6.3,0,19.7,128,30.29516987,40.03173171,
528,0,132,1265,1800,272,6.3,0,19.7,0,29.30726603,38.63424334,
528,132,0,1194,1750,262,8.3,0,13.2,0,26.20870645,34.16640862,
528,132,0,1200,1750,250,8,0,13.2,0,27.1653544,35.59994413,
528,132,0,1205,1750,258,8.3,0,6.6,0,23.10729566,35.56317208,
528,132,264,1200,1750,242,10,0,26.4,0,26.8206164,34.9564332,
529,0,176,1445,756,263,8,0,42,0,19.1501959,27.07342427,
529,176,0,1200,1775,296,4.3,0,37,0,23.7179744,35.3011712,
530,92,0,1260,1700,267,6.2,18,0,0,23.08178383,34.79752633,37.74593819
530,92,0,1260,1750,266,3.2,18,0,0,24.5970563,31.95031784,
530,95,0,985,2200,225,4.7,0,62.5,0,37.9901276,45.53263216,
532,93,0,1245,1780,250,6.3,14.4,0,0,26.39543953,31.79633487,
536,179,0,1290,1450,285,7.2,43,129,0,38.9209202,51.55456469,
542,118,0,1250,1750,262,5,45,0,0,29.25811685,38.12419238,45.2891098
544,60,180,1467,1271,229,4,40,0,0,40.97785693,59.5017788,62.78828107
545,0,180,1100,1800,291,12,24,0,0,29.3372038,40.7825054,
545,0,180,1100,1800,292,12,24,0,0,32.5087934,39.78138625,
548,164,0,1480,1650,258,0,29.2,58.4,0,51.96208242,55.91267318,68.51291672
548,164,0,1578,1328,242,2,22,25,384,47.98695021,60.7281659,65.81929417
549,0,250,1010,1850,288,8.5,64,0,0,32.45906311,42.78985732,45.11366827
550,0,0,1190,2283,220,2,0,30,0,37.1627564,43.5976092,39.3690796
550,0,0,1528,1678,200,0,25,0,0,44.0747533,53.0207044,
550,0,130,900,2175,257,6.6,40,0,0,24.79815347,33.8877454,
550,110,0,1370,770,325,4,0,35,0,23.6662637,39.56101481,42.52774153
550,130,0,1080,2010,245,6,30.2,0,0,25.8208762,30.12435557,30.1301012
550,150,0,840,2175,275,9.5,0,49,0,21.40439938,30.41508461,
550,150,200,798,1046,292,5.6,0,38,0,29.72298204,37.31214287,37.92250592
552,0,0,1320,1750,265,5,0,55.2,0,22.36200493,30.90001607,
558,100,0,945,2050,263,0,0,0,0,24.4419242,33.65217444,
559,99,0,1145,1850,258,12,19.7,0,0,25.0452157,36.72399895,37.4902575
560,0,0,1383,1722,212,5,0,5.6,0,24.8900836,32.10659907,
560,98,0,1140,1750,277,4.6,0,0,0,27.52675474,33.48784932,
560,100,0,1013,1994,279,8,0,0,0,23.60995649,29.65206451,32.29160846
560,100,0,1100,1890,279,15,23,0,0,28.58337671,34.83692403,
560,100,0,1140,1850,292,6.6,0,0,0,27.4756186,37.576442,
560,100,0,1170,1900,250,8,0,66,0,33.58834567,43.5527364,
560,100,0,1175,1750,284,4.6,0,0,0,25.4761382,36.41060076,
560,100,0,1200,1800,268,7,20,0,0,21.93036423,31.29849784,30.9919462
560,100,0,1220,1800,234,6.6,0,79.2,448,31.34151053,41.67089523,
560,140,0,1075,1845,268,0,21,0,0,30.77361213,41.35706873,
560,140,0,1140,1670,308,4,27,22,0,53.94000573,64.21319813,66.78724187
560,140,0,1220,1580,312,4,27,22,0,53.3137317,67.2583838,69.47619827
560,240,0,1040,1675,300,0,32,0,0,33.10633927,41.81288898,
561,98,0,1125,1875,272,12,23,0,0,28.02227457,35.75982263,36.6456494
561,99,0,1125,1875,277,6.6,23,0,0,25.24453446,33.19238363,36.47818061
561,99,0,1137,1900,264,8.7,0,79,0,24.12304155,32.24137521,34.65168481
561,99,0,1200,1800,268,7,20,0,0,22.99345004,32.9616169,34.9936649
563,187,0,1609,1000,356,11,0,60,0,34.65557095,53.18924298,55.37105148
564,0,0,1215,1975,250,2.8,0,0,0,25.4416644,34.17502707,
564,0,0,1259,1875,265,2.5,0,0,0,26.717195,33.53151613,
564,0,0,1283,1804,265,5.6,0,5.6,0,24.6832408,32.6122148,
564,0,0,1380,1650,267,3.5,22.6,0,0,30.9229986,39.2311844,
564,0,0,1392,1710,225,2,0,10,0,30.3714178,37.53047693,
564,0,0,1401,1906,214,0,0,52,0,38.41243165,49.87209733,
564,0,141,875,2050,267,12,0,24,125,30.90630603,37.55345947,
564,0,141,956,1750,317,15.5,0,0,0,24.5798194,32.75011,
564,0,150,1400,1710,243,2.5,22.6,0,0,32.7156362,38.56469093,
564,0,280,1380,1300,267,2.2,0,22.5,0,32.3364244,40.0585556,
564,85,0,1376,1725,260,3.2,39,39,0,29.20980063,37.57794086,
564,94,0,1160,1700,275,11,13.2,0,0,26.7861426,36.90994853,
564,94,0,1245,1800,267,5.9,0,19.7,0,27.1136437,34.22099213,
564,141,0,1060,1825,279,8.3,0,10.6,0,28.27426163,36.10555987,
564,141,0,1190,1970,235,0,0,50,0,40.30861928,51.53900696,58.86056612
564,141,0,1553,1500,292,0,0,35.3,0,26.20613272,34.15204453,44.77805473
564,188,0,1126,1695,267,3.6,0,41.4,0,44.49612282,56.03141627,64.49409576
565,0,187,1380,1600,270,7.6,0,90,0,28.79437404,40.67175189,
570,180,0,1390,1400,233,11,0,60,0,40.851453,56.9162438,
570,180,0,1390,1400,233,11,0,60,384,37.96427225,53.52361631,57.4333508
570,190,0,1020,1750,289,0,30.4,0,0,29.7853632,36.98655698,
570,190,0,1020,1750,289,4,0,38,0,30.681682,38.49574333,
570,190,0,1055,1775,267,3,0,60.8,152,30.36911955,43.64612905,
570,190,0,1100,1750,283,4,0,30.4,0,33.44451083,42.67199796,
572,0,0,1600,1500,256,0,0,0,0,42.76666411,45.52744093,
572,0,0,1700,1492,229,0,0,0,0,45.95932103,48.82524294,54.80185073
575,100,0,1110,1875,278,12,24,0,0,25.96494395,32.3494555,35.51051613
575,100,0,1150,1850,252,20,21,0,0,23.3387626,31.5090532,
575,150,0,1150,1675,310,13,0,65,0,26.39113031,34.00122166,
580,145,0,1080,1750,284,4,0,36.3,0,27.57904,36.72608827,42.21264577
581,0,101,1330,1550,303,6.2,20.5,0,0,31.4056318,41.88853982,
581,0,101,1330,1550,303,6.4,20.5,0,0,31.37598433,39.07260492,
585,0,103,1155,1750,284,4.4,21,0,0,30.66914607,39.55408899,
585,0,103,1155,1750,290,4.4,0,55,0,31.91286482,40.27366072,
585,0,103,1165,1750,284,4.4,20.6,0,0,28.99591318,40.96521654,
585,175,0,1538,1328,258,1.5,36,26,0,49.51333456,63.67757283,68.78075887
590,140,0,1202,1600,280,5.5,44,44,0,28.52632007,36.80966112,38.955394
596,112,0,1197,1685,201,2.1,0,31.6,0,36.0595948,45.2985732,49.297534
599,106,0,1150,1800,269,4.9,0,78,0,33.53151613,42.6785644,
600,0,0,1550,1550,395,0,0,0,0,8.794102219,13.25800839,
600,0,100,980,2050,265,7,0,85,224,31.7503698,36.93216498,
600,0,100,1410,1420,292,10,0,84,0,28.05018193,40.77101413,
600,105,0,1300,800,283,4,0,56.2,0,32.2674768,42.80496833,
600,150,0,1130,1860,247,13,0,52.5,150,43.3397854,54.70417497,62.75561304
600,150,0,1233,825,271,5,0,75,0,38.1624966,48.83788333,51.87157773
600,150,0,1402,1500,333,0,0,40,0,32.01157542,37.51611285,51.61155656
600,150,0,1800,950,292,7.5,0,30,0,29.60150293,39.2311844,
600,200,0,1210,1700,275,0,0,44,0,42.1959312,52.3312284,
600,200,0,1286,1710,271,0,0,44,0,47.2980536,62.742316,73.31428133
600,200,0,1370,1416,258,2.4,24,44,0,51.08182924,66.91134755,75.06933028
600,200,0,1417,1416,259,2.1,21.4,30.3,0,55.75284776,68.36920624,79.6999434
600,224,0,1252,1642,317,6.7,0,53,0,34.58192237,46.16472743,51.54929994
602,0,150,1040,1800,250,4.5,0,0,0,29.52927211,41.70837317,
608,165,0,1100,1700,300,3.2,46,38,0,39.0243416,54.54904287,
611,0,0,1210,1780,275,7.3,48.4,24.4,0,33.0259004,42.24189627,
611,0,108,1300,1725,270,4.2,29,0,0,37.8522324,51.5210941,
611,94,0,1250,1800,267,7.7,0,21,0,27.8548304,35.04836333,
615,0,205,1080,1750,258,8.3,0,98.4,0,41.55471852,49.68751886,51.75734102
625,225,0,1170,1700,275,0,0,48.9,0,53.65772756,65.32210537,74.27337964
628,210,0,1316,1385,276,6,29.8,68,0,52.96468448,56.10036387,73.48952315
639,113,0,1120,1825,286,7.5,0,0,0,31.94160363,41.82123398,
640,115,0,1340,1450,302,8,0,128,0,31.21063937,41.7406791,
640,115,0,1340,1450,302,10,0,128,0,27.77406321,36.4118842,
646,106,0,1350,1750,279,0,0,90,0,35.13193618,40.49170222,
646,106,0,1350,1750,279,0,48,90,0,34.56459238,44.39993683,
648,0,162,1045,1800,289,4.2,0,24.3,0,43.2301452,50.50794742,
648,0,162,1045,1800,290,0,0,0,0,38.6796036,46.24085707,
650,0,0,1169,1900,260,4.8,0,0,208,28.39656154,36.51158462,
650,0,0,1190,1875,276,0,0,0,0,43.00999672,46.07002024,
650,0,0,1226,1755,300,13,0,29.3,0,40.4722412,51.0556978,
650,0,0,1364,1700,250,6.5,0,39,78,41.46623577,47.89057204,51.82561267
650,50,0,1310,1550,280,7,0,70,0,25.57726135,31.01722699,
650,50,0,1360,1550,280,7,21,0,0,23.83173794,29.5612835,
650,150,0,1040,1800,300,15,24,0,0,25.95187664,33.7498502,36.0595948
650,150,0,1180,800,325,4,0,30,0,36.95821185,48.3495045,53.66421533
658,0,0,1059,1900,270,3.9,0,0,0,28.8373337,35.5597247,
658,0,0,1080,1900,290,2,0,39.5,0,30.62709848,42.03888389,
658,0,0,1123,1835,290,5.7,0,21,0,29.9577322,41.40139219,
658,0,0,1125,1850,267,4,0,76,33,36.68603299,40.99624296,
658,0,0,1125,1850,296,4,25,0,33,43.4714618,50.8143812,
658,0,0,1125,1875,258,9,0,0,0,27.25728453,34.1635358,
658,0,0,1150,1825,240,0,0,0,0,42.61737341,47.55824007,
658,0,0,1175,1800,275,5,0,0,0,29.1648348,36.1630162,
658,0,0,1191,1726,158,0,0,0,0,42.14077312,45.8846278,49.4009554
658,0,0,1191,1726,359,0,0,0,0,43.8851474,48.49314533,
658,0,0,1192,1726,275,0,0,0,0,46.00873348,48.62597012,
658,0,0,1200,1745,285,4,0,10,132,31.2332628,39.9206604,
658,0,0,1200,1745,329,4,0,0,0,28.25961954,37.93025205,40.65883366
658,0,0,1253,1785,269,0,0,0,0,46.03401427,53.12297668,
658,0,0,1280,1600,310,2,0,0,0,31.6469484,41.14720192,45.2640994
658,0,0,1281,1680,263,0,0,0,0,47.92432763,49.01887078,
658,0,0,1350,1732,263,0,0,0,0,48.56781121,54.58202238,55.675187
658,0,0,1430,1650,258,6.6,0,66,0,29.5785204,37.4730206,
658,0,0,1440,1722,263,0,0,0,0,46.97629813,51.8485952,
658,0,0,1446,1500,303,16,0,32.9,0,55.9509774,70.71725507,
658,0,0,1472,1500,300,2,0,60,0,45.64714162,49.79261785,
658,0,0,1472,1530,304,10,0,50,0,38.610656,45.6433112,
658,0,0,1475,1525,267,2,0,66,0,33.41496186,37.26905062,
658,0,0,1512,1417,277,0,0,0,0,40.18445991,47.87968848,
658,0,0,1531,1693,266,0,0,0,0,42.73142423,51.2280668,
658,100,0,1200,1800,308,0,0,76,0,30.92874423,39.4035534,
658,100,0,1200,1800,308,0,76,0,0,29.819837,42.38208972,
658,100,0,1200,1800,309,0,0,76,0,31.21784535,40.65284561,
658,150,0,1224,1600,308,18,0,98,0,23.4594209,31.56679682,
659,100,0,1100,1800,292,8,23,0,0,32.97610491,44.75082282,
660,0,0,956,2100,262,3.5,64,26.4,0,42.34531767,48.09478142,
660,0,0,1129,2000,246,0,28,0,0,43.25312773,53.31947733,
660,0,0,1219,1760,262,8.3,0,26.4,158,28.1995684,37.76030227,
660,0,0,1660,1600,250,0,0,38,0,50.25513956,55.80159093,62.96065007
675,0,0,1022,2110,225,6.8,0,27,162,34.6634059,39.48399227,
675,0,0,1348,1744,270,15,0,60,0,37.63926092,43.87825264,
679,120,0,1185,1700,284,8,56,89,0,36.21718931,46.61010977,54.9167634
680,0,0,1438,1700,298,0,0,30,0,35.3673609,40.9548744,45.48702997
680,120,0,900,1875,320,8,28,0,0,28.72012278,37.97778961,40.64116282
680,120,0,990,1850,280,12,32,0,0,30.24424778,37.47195987,
680,120,0,990,1850,304,12,32,0,0,31.1298414,43.1784345,
680,120,0,1020,1750,304,7.5,0,100,0,35.23360255,42.97917594,
680,120,0,1220,1630,284,20,0,96,0,27.9899677,36.54636486,
680,204,0,1454,1540,235,5,15,55,0,60.80193354,76.83826978,83.2887008
688,172,0,1095,1750,271,3.4,0,43,0,47.75479248,52.24217108,62.55637356
700,0,0,1117,1950,260,0,0,56,0,37.0526557,46.60647087,
700,0,0,1250,1610,306,5.6,0,84,0,31.9227388,40.2653984,
700,50,0,1000,2000,240,3,0,30,256,38.5761822,45.90656567,
705,0,0,1018,1950,282,5.3,0,56,0,31.371158,37.2344619,
705,0,0,1050,1950,255,7,0,80,175,33.10633927,38.75314771,
705,0,0,1100,1870,234,13,21,95,384,43.954095,52.8310985,
705,0,0,1170,1760,254,9.9,0,85,226,35.41518098,41.34971432,
705,0,0,1170,1760,266,8.8,21,0,169,30.94981156,41.16956489,
705,0,0,1265,1650,283,7,21,0,0,27.79507581,34.77854839,
705,0,0,1340,1590,255,8,0,130,320,34.01185108,38.22110206,
708,0,0,1254,1650,283,3.5,0,71,160,30.20292711,39.17464737,
715,0,0,1016,1760,321,6,21.5,42.9,0,32.22287632,39.43565713,
716,0,0,1000,2000,272,15,0,0,0,26.8206164,38.0590752,
720,0,0,1215,1804,250,4,0,25,0,30.34843527,40.21943333,
725,0,0,930,2000,269,5,44,72,0,38.23029507,44.12301662,
725,0,0,1155,1540,258,0,0,78,0,36.9559136,39.66785253,
725,0,0,1357,1547,290,3.1,55,0,0,42.32951718,48.87573692,
740,0,0,942,2118,255,7.4,0,103.6,89,37.0420981,47.37951504,
740,0,0,1389,1430,281,18,0,88,0,41.8167194,50.2628004,
740,140,0,950,1820,309,7,21,0,0,30.73224357,37.76489877,
750,0,0,1553,1500,292,0,0,35.3,0,29.25197691,39.65061563,43.32946258
750,0,210,1070,1750,336,24,0,75,0,34.89610405,38.27884568,42.79347707
752,0,0,1130,1925,265,4.4,0,45.1,256,30.3714178,35.4390664,
752,0,0,1289,1700,310,6.6,0,96,180,34.04977226,41.22032266,
752,0,0,1800,950,292,7.5,0,30,0,33.79581527,45.48243347,
760,0,0,1090,1750,289,7.6,30.4,0,0,30.1473381,36.96740487,
800,0,0,964,1911,204,6,0,64,480,60.71169797,68.26296243,
800,0,0,964,1911,258,0,40,64,0,47.31643963,56.62406422,
800,0,0,964,1911,258,10,0,64,500,53.86438529,60.37429746,
800,0,0,964,1911,258,40,0,64,0,43.19184098,52.16268982,
800,0,0,964,1911,259,10,8,64,512,50.36208494,60.93057833,
800,0,0,964,1911,288,8,8,64,192,44.63495255,55.92859967,
800,0,0,964,1911,300,0,0,64,500,59.87158865,67.89040347,
800,0,0,1000,1930,256,29,0,54,192,46.75413364,53.46120296,
800,0,0,1018,1911,206,24,0,52,288,54.24797168,66.00353748,
800,0,0,1034,1901,275,14.4,50,0,0,46.95906123,54.19025999,
800,0,0,1034,1910,265,13,0,72,336,48.83650438,56.08801076,
800,0,0,1034,1910,265,13,72,32,336,46.89585927,54.48392569,
800,0,0,1044,1725,288,6,0,64,240,51.59578733,59.23747967,
800,0,0,1080,1760,259,10,24,64,128,41.04680453,48.36555265,
800,0,0,1112,1760,259,8,32,0,64,38.0073645,45.65419766,
800,0,0,1120,1720,250,4,0,64,384,51.54990932,60.09189597,
800,0,0,1235,1600,228,18,0,55,512,69.2751011,77.93377053,
800,0,0,1285,1740,234,5.1,0,64,240,63.087054,69.86690133,
800,0,0,1298,1675,259,4,0,36,320,41.68435053,47.57941552,
800,0,0,1298,1675,259,4,0,64,320,44.6780448,50.1249052,
800,0,0,1328,1516,224,25,0,60,0,54.5030778,63.80717338,
825,0,0,1020,1775,304,8.8,0,103,0,42.52917793,47.7806868,
826,0,0,1190,1640,270,8,0,145,334,35.02365711,41.4375076,
826,0,0,1200,1650,267,20,0,73,334,42.66659433,54.34677046,
826,0,0,1200,1650,270,8,0,145,334,34.5699436,42.51385624,49.80774624
826,0,0,1206,1755,270,16.5,0,145,334,34.7495904,45.53496497,
846,0,0,910,1827,287,10,25.5,0,203,29.29721419,38.7140774,
850,0,0,1161,1916,223,18,0,85,768,58.5537493,67.5858849,
850,0,0,1299,1550,240,6.1,0,51,3,61.02175998,70.70889778,
