scenario,method,run,gwp,pred_28day,chloride_prob,p_strength_ok_pred_error,p_strength_ok_cv2,p_chloride_ok_cv2,p_strength_ok_cv5,p_chloride_ok_cv5,gwp_mean_d10,gwp_std_d10,gwp_mean_d20,gwp_std_d20,ga_gwp
s45_dur,GA,0,133.6,46.36,0.701,0.5942866594637202,0.998,0.423,0.881,0.216,133.3427684647988,6.10041288530916,134.15157598597128,11.937423807087084,133.6
s45_nodur,GA,0,131.95,46.07,0.365,0.5744483904191566,1.0,,0.972,,131.51133253100846,6.064699767261734,131.59667966445534,12.309049714606687,131.95
s50_dur,GA,0,135.92,50.64,0.702,0.5446976071760485,0.571,0.064,0.307,0.036,135.85052609911858,6.045994351320882,135.82315041518123,12.244102074264074,135.92
s50_nodur,GA,0,134.21,50.28,0.582,0.5195884191091296,0.453,,0.227,,134.31911065690946,5.948328646157876,134.06715651967033,12.028227795069705,134.21
s55_dur,GA,0,142.87,55.56,0.703,0.5391296410205877,0.257,0.075,0.143,0.042,142.9947962865974,6.2051426224276,143.04342550134217,12.242829698524572,142.87
s55_nodur,GA,0,145.68,55.07,0.478,0.5048989510460882,0.344,,0.259,,145.4158542152627,6.422581174853524,146.69765136773287,12.618287096854814,145.68
s45_dur,baseline,3,152.79,49.56,0.785,0.7881343370149779,1.0,1.0,1.0,0.961,152.70576940927165,6.438690175488706,153.18297407495214,13.075328990687638,133.6
s45_dur,baseline,4,169.95,48.6,0.961,0.7361598349476507,1.0,1.0,0.996,0.991,170.09736951122073,6.495659482743629,170.35769896840378,13.128834236425462,133.6
s45_dur,baseline,5,176.95,49.67,0.865,0.7936815143102587,1.0,1.0,1.0,0.991,176.8378625695192,6.813376464966819,177.50420022212785,13.598538121762637,133.6
s45_dur,baseline,6,148.23,49.63,0.728,0.7916743899903846,0.997,0.791,0.919,0.472,148.2257153531527,6.287258361458158,148.23113152238955,12.714908523275577,133.6
s45_dur,baseline,7,152.95,48.19,0.85,0.7121321491118817,1.0,0.986,0.983,0.803,152.9304887113307,6.432711374821901,153.43471674590964,12.788837837836295,133.6
s45_dur,no_knowledge,3,180.81,52.61,0.976,0.9090665051237461,1.0,1.0,1.0,1.0,180.6068969276675,6.573713653090941,180.62532165066028,13.127177857513749,133.6
s45_dur,no_knowledge,4,160.68,47.99,0.846,0.7000478610086509,1.0,1.0,0.94,0.99,160.6401135497546,6.564347090929637,160.57251545467423,13.09431459142715,133.6
s45_dur,no_knowledge,5,142.26,46.21,0.723,0.5840523077190587,0.93,0.92,0.732,0.627,142.51150182702486,6.238751577722373,142.06763505431428,12.355790587209333,133.6
s45_dur,no_knowledge,6,138.58,45.86,0.727,0.5599610683838249,0.698,0.985,0.433,0.653,138.70363586929315,6.089621056738893,139.17533921922382,12.252618332071943,133.6
s45_dur,no_knowledge,7,155.78,52.98,0.748,0.9192340564479067,1.0,1.0,1.0,0.993,155.70114841411007,6.418953379333762,156.05484063117007,12.762200073658619,133.6
s45_dur,rag_tabular,3,150.6,53.02,0.711,0.9202796672872201,1.0,0.663,1.0,0.623,150.635369096419,6.448157653973648,150.92586999727826,12.630004809553247,133.6
s45_dur,rag_tabular,5,219.7,63.73,0.709,0.9994915690404305,1.0,0.668,1.0,0.655,219.89756770590796,8.860102731888594,220.1182454360391,17.603576111610206,133.6
s45_dur,rag_tabular,7,168.99,53.73,0.746,0.937178439165226,1.0,0.769,1.0,0.612,169.26604802476243,6.885374313649341,168.96608000714727,13.595638480776351,133.6
s45_dur,rag_text,5,154.92,46.49,0.705,0.6031048606577991,0.994,0.58,0.892,0.332,154.52146568873056,6.605139357614521,154.51324865276337,12.808695422537289,133.6
s45_dur,rag_text,6,179.59,59.87,0.708,0.9954550767030459,1.0,0.831,1.0,0.636,179.53965066223097,7.3620903163241795,179.65730929869633,14.23065583393823,133.6
s45_dur,zero_shot,3,216.4,53.71,0.959,0.9367440411070749,1.0,1.0,1.0,1.0,216.37221431139488,7.778382867198693,216.50845480306188,15.590012838739103,133.6
s45_dur,zero_shot,5,274.09,63.27,0.911,0.9993249718988927,1.0,1.0,1.0,1.0,273.89132031977573,10.349227589770816,273.24201602073254,21.11604024252527,133.6
s45_nodur,baseline,3,137.9,47.86,0.328,0.6920720316597523,1.0,,0.97,,138.2478578026087,6.103833750534278,138.3114741391717,12.189476582167144,131.95
s45_nodur,baseline,4,145.64,49.87,0.311,0.8035439350801021,1.0,,1.0,,145.59151271098546,6.221226523392683,146.02573238334827,12.608967197777996,131.95
s45_nodur,baseline,5,170.22,48.71,0.536,0.7424278123645431,1.0,,0.999,,170.09800230449144,6.854028637896496,170.2590381301315,13.764862232335634,131.95
s45_nodur,baseline,6,141.44,50.39,0.385,0.8278165737474442,1.0,,1.0,,141.4776104446452,6.161232924878935,141.29072308915596,12.369655012651847,131.95
s45_nodur,baseline,7,226.62,61.59,0.708,0.9981951527535452,1.0,,1.0,,225.97850779830367,8.641283805653341,227.011273025933,17.583859780936976,131.95
s45_nodur,no_knowledge,3,153.49,45.02,0.722,0.50139973260676,0.603,,0.503,,153.4805435518463,6.632193648895877,153.4057914132153,12.687084787188443,131.95
s45_nodur,no_knowledge,4,149.15,49.57,0.424,0.7886422029956268,1.0,,0.999,,149.19020621484233,6.318554393731291,148.91830218943176,13.1112742423716,131.95
s45_nodur,no_knowledge,5,171.21,53.28,0.731,0.9268280266601504,1.0,,1.0,,171.44869950553147,6.439606685850847,171.34922450980747,13.094956464600873,131.95
s45_nodur,no_knowledge,6,154.72,52.25,0.353,0.8982909640765433,1.0,,1.0,,154.61724358454512,6.187542072749377,154.68630751244066,12.612224612671051,131.95
s45_nodur,no_knowledge,7,142.83,51.33,0.383,0.8666032613109423,1.0,,1.0,,143.15831248030275,6.193924908887096,143.21679050068317,12.56797941075751,131.95
s45_nodur,rag_tabular,3,166.4,55.3,0.531,0.9646139885615604,1.0,,1.0,,166.68042672654258,6.791698921356679,166.98214050000195,13.364012715245732,131.95
s45_nodur,rag_tabular,4,137.97,46.94,0.374,0.6331981711966425,1.0,,0.986,,138.1185570408972,5.997150831222167,137.82831785003305,12.459001595777604,131.95
s45_nodur,rag_tabular,5,189.92,54.53,0.471,0.9527236173720723,1.0,,1.0,,190.36080785513178,7.493474883867005,190.79738717359922,15.436653851316617,131.95
s45_nodur,rag_tabular,6,138.02,49.11,0.287,0.7645516094228453,1.0,,1.0,,137.94672693375153,6.139033945350559,137.4559978146871,12.243504434470452,131.95
s45_nodur,rag_tabular,7,148.48,53.89,0.478,0.9405704225898118,1.0,,1.0,,148.39031365109847,6.205080148511874,148.53082752660663,12.561658457579721,131.95
s45_nodur,rag_text,4,141.46,49.79,0.407,0.7996337273455336,1.0,,1.0,,141.6029869660114,6.170572875455857,141.70222384473564,12.294040671089915,131.95
s45_nodur,rag_text,5,153.83,50.6,0.414,0.8370516961364332,1.0,,1.0,,153.60347072615522,6.287784209642497,152.94633960263704,12.71537194226197,131.95
s45_nodur,rag_text,6,183.86,53.26,0.39,0.9263393944717075,1.0,,1.0,,183.75873179723527,7.299404684725802,183.24698808046756,14.671664889901262,131.95
s45_nodur,rag_text,7,151.6,49.67,0.405,0.7936815143102587,1.0,,1.0,,151.78628974238418,6.284704654101642,151.14669994506113,12.767231811145452,131.95
s45_nodur,zero_shot,3,181.2,54.22,0.468,0.9471118061769858,1.0,,1.0,,181.27329233207072,6.790562884691473,180.70292290447063,13.645768598915494,131.95
s45_nodur,zero_shot,4,166.3,52.36,0.541,0.9016777852526224,1.0,,1.0,,166.22557433052611,6.871876214640788,166.26271325018706,13.756608819786178,131.95
s45_nodur,zero_shot,5,217.56,56.76,0.659,0.9804468456378163,1.0,,1.0,,217.7068108612955,7.744131009322388,217.7866981411164,15.283408998495503,131.95
s45_nodur,zero_shot,6,171.16,55.33,0.318,0.9650223841772477,1.0,,1.0,,171.21333844593647,6.846832137224739,170.74187637816206,13.832332789059983,131.95
s45_nodur,zero_shot,7,176.95,55.65,0.483,0.9691425344152313,1.0,,1.0,,177.22621705168095,6.459639743110646,176.04111365381644,13.575204858034185,131.95
s50_dur,baseline,4,150.94,51.89,0.705,0.6298908453861212,0.994,0.79,0.869,0.684,151.2248573817297,6.359477720918392,151.10109850939304,12.448066148899155,135.92
s50_dur,baseline,6,172.85,55.65,0.738,0.8392021703518909,1.0,0.7,1.0,0.461,172.75943749343244,7.092366705560379,173.39240604004212,14.172521305579306,135.92
s50_dur,baseline,7,153.85,51.93,0.723,0.6325374875199221,1.0,0.831,0.98,0.706,153.8030311878525,6.5438398636556725,154.39435733108047,13.164829603026364,135.92
s50_dur,no_knowledge,3,168.68,52.2,0.905,0.6502323423262293,0.781,1.0,0.484,1.0,168.92272825724427,6.834454509036315,169.32327455055957,13.503803531978368,135.92
s50_dur,no_knowledge,4,168.73,52.04,0.912,0.6397830238441758,0.894,1.0,0.766,0.994,168.92756200716278,6.913174609636889,169.3734023207954,13.780350357726322,135.92
s50_dur,no_knowledge,5,157.3,51.95,0.724,0.6338584605274252,0.994,0.865,0.935,0.477,157.24748627589943,6.62803157042218,157.29240231894863,12.765425931400612,135.92
s50_dur,no_knowledge,6,169.03,53.62,0.896,0.7373052249321447,0.805,1.0,0.466,1.0,169.15912121125805,6.806065765799196,169.9359952908611,13.654544877965789,135.92
s50_dur,no_knowledge,7,167.08,51.36,0.821,0.5942866594637202,0.834,1.0,0.509,0.969,167.09533880052032,6.827859062273092,166.98424077274802,13.711997141697113,135.92
s50_dur,rag_tabular,3,172.93,57.82,0.771,0.9149478985151047,1.0,0.919,1.0,0.708,172.64987470220242,6.86100085721912,172.8896186052959,14.309959105287794,135.92
s50_dur,rag_tabular,6,217.02,71.56,0.749,0.999922303481001,1.0,0.815,1.0,0.658,216.9855668625353,8.373641760119002,216.8892323271371,17.184089181574926,135.92
s50_dur,rag_tabular,7,202.21,67.33,0.968,0.9988179581985926,1.0,1.0,1.0,0.999,201.64623131339482,7.791331739333205,201.50811007410672,15.15395634363974,135.92
s50_dur,rag_text,3,162.91,52.54,0.724,0.6720548352992622,1.0,0.774,0.991,0.672,162.47730911629682,6.762299677200408,163.121912313783,13.106784354952818,135.92
s50_dur,rag_text,5,232.22,70.72,0.713,0.9998609701708134,1.0,0.627,1.0,0.284,232.37498229140118,9.48316209915205,233.45384982459683,19.536806328706028,135.92
s50_dur,rag_text,6,167.03,53.89,0.923,0.7525151630370964,1.0,1.0,0.972,0.981,166.69991097133828,6.783375575974485,167.16069578890747,13.945369852191266,135.92
s50_dur,zero_shot,3,145.01,51.02,0.714,0.5710073741949915,0.985,0.568,0.837,0.52,144.99179685962318,6.385984228573438,144.65738656007719,12.492517817259907,135.92
s50_dur,zero_shot,5,182.52,56.43,0.833,0.8703443087368431,1.0,1.0,1.0,0.987,182.2329132402647,6.596918502500188,182.2370397172287,13.270061358649789,135.92
s50_dur,zero_shot,6,182.02,54.6,0.905,0.7901615159693538,1.0,1.0,1.0,1.0,182.1552908311023,6.876025751526576,181.94522055272776,13.80619050744046,135.92
s50_dur,zero_shot,7,204.07,50.67,0.904,0.5467833924465486,0.893,1.0,0.909,1.0,204.07052345280397,8.056328612265942,203.69345299855834,16.623698036562182,135.92
s50_nodur,baseline,3,142.32,50.44,0.362,0.5307636280456365,0.955,,0.839,,142.23430766354343,6.478467657612792,141.6412810841297,12.248014482125537,134.21
s50_nodur,baseline,4,155.08,53.39,0.44,0.7239814995081445,1.0,,0.994,,154.74905048560038,6.474924257463183,154.82697923712567,13.095970287268093,134.21
s50_nodur,baseline,5,145.47,51.73,0.399,0.6192437969295823,0.836,,0.641,,145.40039028377694,6.210315775335793,145.69538491173458,12.325319115885815,134.21
s50_nodur,baseline,6,144.99,51.74,0.425,0.6199119851844952,0.99,,0.911,,145.36488255524543,6.237787764972087,144.25836825539028,12.694950281624338,134.21
s50_nodur,baseline,7,144.13,51.8,0.571,0.6239135375072353,0.975,,0.862,,143.81219282903808,6.291393323642465,143.93340053757163,12.530614922444691,134.21
s50_nodur,no_knowledge,3,165.95,55.73,0.671,0.8426042080902326,1.0,,0.981,,166.12124997623573,6.721355103274711,166.30837315382652,13.332344822628858,134.21
s50_nodur,no_knowledge,4,168.04,52.4,0.896,0.6631348666039106,0.772,,0.4,,168.10325749807902,6.753506589718698,168.21317927087802,13.93025705711261,134.21
s50_nodur,no_knowledge,5,165.53,51.64,0.758,0.6132143141419143,0.992,,0.867,,165.50195369767016,6.718387191229356,165.47142233211443,13.61514024880449,134.21
s50_nodur,no_knowledge,6,160.24,55.29,0.545,0.8233037551544673,1.0,,1.0,,160.5618361449029,6.585184378120823,159.48744776987877,12.727649343950812,134.21
s50_nodur,no_knowledge,7,142.58,50.16,0.391,0.5111964135994684,0.67,,0.525,,142.63354450007185,6.196113279673458,143.01389649511464,12.422641710654496,134.21
s50_nodur,rag_tabular,3,147.53,52.66,0.469,0.6796234142250321,0.998,,0.916,,147.18702268658188,6.299107419185482,147.37952975592307,12.681170376974867,134.21
s50_nodur,rag_tabular,4,146.79,51.46,0.324,0.6010743875659291,0.981,,0.942,,146.39648421371527,6.306808046159456,146.55563788380684,12.723891986379343,134.21
s50_nodur,rag_tabular,5,176.35,56.69,0.303,0.8797288167889301,1.0,,0.994,,176.42991757681008,7.150407319172796,175.85899150339645,13.98878249724541,134.21
s50_nodur,rag_tabular,6,192.72,57.51,0.515,0.906162031894385,1.0,,1.0,,192.99460837519,7.282960662473586,193.21618125441827,14.923101259724136,134.21
s50_nodur,rag_tabular,7,150.68,50.67,0.406,0.5467833924465486,0.713,,0.562,,151.14161760348316,6.77173890414755,150.42865421965357,13.1832212086545,134.21
s50_nodur,rag_text,3,159.35,51.02,0.252,0.5710073741949915,0.885,,0.613,,159.57188199861577,6.746257455846422,158.5672756032293,13.010475291279066,134.21
s50_nodur,rag_text,4,150.64,52.64,0.482,0.6783670516118017,1.0,,0.999,,150.25515922912064,6.196663585653346,150.67099730222708,12.595529217998351,134.21
s50_nodur,rag_text,5,165.56,55.3,0.3,0.8237583733644092,1.0,,1.0,,165.17225691300044,6.711785797032928,164.82407207104808,13.32660882631905,134.21
s50_nodur,rag_text,7,144.2,51.49,0.21,0.6031048606577991,0.998,,0.938,,143.9950467645192,6.383204301803449,144.0510878106859,12.586056242580504,134.21
s50_nodur,zero_shot,3,216.38,59.99,0.935,0.9601606996577706,1.0,,1.0,,216.1490027320937,7.62140951837444,215.14716509106398,15.711251102422452,134.21
s50_nodur,zero_shot,5,415.29,50.0,0.111,0.5,0.473,,0.424,,415.26094678541074,20.955902571015226,416.57318445205334,42.79955785896277,134.21
s50_nodur,zero_shot,6,192.92,56.16,0.722,0.860074449522954,1.0,,1.0,,193.1041005703755,6.855150974663308,192.95300963257486,14.038319455282519,134.21
s50_nodur,zero_shot,7,197.23,53.97,0.84,0.756929719657067,1.0,,1.0,,197.04599738802855,6.682272869422517,196.42676532490583,13.635265476591504,134.21
s55_dur,baseline,3,161.74,55.91,0.795,0.563418474469904,0.887,1.0,0.667,1.0,161.75663171624677,6.634892154404478,161.20461097108725,13.718235975143623,142.87
s55_dur,baseline,4,171.77,55.88,0.79,0.5613445947895963,1.0,0.998,0.962,0.841,171.87243833744856,6.740529934845154,171.8130267482661,14.00454542698549,142.87
s55_dur,baseline,5,164.45,55.22,0.706,0.5153932686445148,0.792,0.712,0.636,0.506,164.6825797862298,6.7223698673797925,165.15583286808763,13.221168461873745,142.87
s55_dur,baseline,7,230.4,69.62,0.742,0.9948382157980583,1.0,0.687,1.0,0.414,230.4993169966036,9.373427900361511,230.61537791226417,19.188150753756716,142.87
s55_dur,no_knowledge,3,187.12,55.73,0.925,0.5509510365084851,0.82,1.0,0.593,1.0,187.35922366437282,7.649864570725729,188.05316708581185,14.593293047821316,142.87
s55_dur,no_knowledge,4,189.96,56.23,0.912,0.5854203480562536,0.606,1.0,0.501,0.98,189.9808599516945,7.815560520454592,189.53612152812772,14.847603674266487,142.87
s55_dur,no_knowledge,5,164.61,55.11,0.719,0.5076980673498868,0.656,0.964,0.481,0.676,164.87148474514788,6.752106020537977,164.57266533166435,13.694599129172577,142.87
s55_dur,no_knowledge,6,168.64,56.16,0.874,0.5806277828323262,0.967,1.0,0.813,1.0,168.64093221520173,6.858755818870477,168.77003750066487,13.78079811812068,142.87
s55_dur,no_knowledge,7,162.36,55.23,0.862,0.5160925912978332,0.595,1.0,0.473,1.0,162.2731070768684,6.605629675174251,162.08123906465443,13.590378357808804,142.87
s55_dur,rag_tabular,4,224.23,73.88,0.847,0.9995370640710428,1.0,1.0,1.0,0.992,224.2641371615891,8.174922783567766,223.35098592229062,17.14624693784749,142.87
s55_dur,rag_text,3,347.43,55.14,0.793,0.5097971633841889,0.586,0.865,0.571,0.6,347.6609627561732,14.895281048182907,347.8810588113855,30.054307505703974,142.87
s55_dur,rag_text,4,210.47,58.26,0.932,0.716306660357664,1.0,1.0,1.0,0.999,210.3080475224226,8.915473882325944,210.19610258892035,17.68234325919449,142.87
s55_dur,rag_text,5,236.59,56.0,0.761,0.5696294398970905,0.982,0.922,0.826,0.652,236.6399387076064,10.014555999860354,235.602932694669,19.401872890453053,142.87
s55_dur,rag_text,7,176.37,57.06,0.759,0.6410951053490348,0.998,0.77,0.951,0.403,176.366993866475,6.839425004676063,176.08943111132083,14.333418192283414,142.87
s55_dur,zero_shot,7,214.06,66.96,0.907,0.9820541700588721,1.0,1.0,1.0,1.0,213.84959297136425,8.338192473286828,213.3805493031071,16.91239431982595,142.87
s55_nodur,baseline,3,231.39,56.32,0.797,0.5915634861848957,0.998,,0.978,,231.560862927826,9.334009378953764,230.44479393723185,19.32783064957353,145.68
s55_nodur,baseline,4,182.63,58.61,0.869,0.7367328480754859,1.0,,0.977,,182.74240433565188,6.9710566952779836,182.5890315470217,13.370572319121173,145.68
s55_nodur,baseline,5,166.55,55.06,0.711,0.5041991288963938,0.872,,0.683,,166.56498733378183,6.874298581930262,166.88787005841348,13.53504638841557,145.68
s55_nodur,baseline,6,194.08,59.74,0.921,0.7971662771094231,0.999,,0.894,,194.08672055016075,7.03711310659427,194.56187898747325,13.681729795406168,145.68
s55_nodur,baseline,7,172.37,55.92,0.604,0.5641093834137769,0.915,,0.81,,172.09502075678935,6.44613112688412,171.98897620145192,12.68100359032535,145.68
s55_nodur,no_knowledge,3,168.97,55.6,0.613,0.5419146522515704,0.699,,0.474,,169.20681946993463,6.791737192945962,168.57349412370868,13.504326478902954,145.68
s55_nodur,no_knowledge,4,176.24,55.86,0.547,0.5599610683838249,0.483,,0.485,,176.03068015366435,7.545193848236339,176.4048341791175,14.684939913742516,145.68
s55_nodur,no_knowledge,5,169.1,55.6,0.652,0.5419146522515704,0.773,,0.473,,169.59910856424037,6.6761506282003165,168.85644127661632,13.377421000371971,145.68
s55_nodur,no_knowledge,6,168.8,55.02,0.513,0.50139973260676,0.221,,0.193,,168.50628955613644,7.306775663411579,168.35581576586645,14.14552333128544,145.68
s55_nodur,no_knowledge,7,181.15,56.48,0.863,0.602428343858977,0.8,,0.561,,181.17003725410808,7.189139826325638,181.31686590072815,14.788446632055388,145.68
s55_nodur,rag_tabular,3,190.0,58.17,0.345,0.7109341252260105,1.0,,1.0,,190.01880664580293,7.813815162923792,188.8457378378074,14.90782152677812,145.68
s55_nodur,rag_tabular,4,196.79,55.2,0.554,0.5139944834350003,0.339,,0.236,,196.76508482929637,9.136414600202526,197.4210164815733,17.94880874267818,145.68
s55_nodur,rag_tabular,5,176.81,59.23,0.551,0.7709782631435015,1.0,,1.0,,176.78708414065045,6.9691754240672585,177.51016729105845,13.997534355053538,145.68
s55_nodur,rag_tabular,6,149.75,55.29,0.401,0.5202874125483007,0.209,,0.202,,149.6626264355435,6.275056024864194,148.84898313788918,12.560247712979118,145.68
s55_nodur,rag_text,3,208.33,58.62,0.387,0.7373052249321447,1.0,,1.0,,208.70272525773765,8.359279404484214,207.7721215972123,16.39035695215411,145.68
s55_nodur,rag_text,4,238.09,55.12,0.882,0.5083977925866268,0.476,,0.515,,237.86536881722748,11.056138277160214,237.6342052807354,22.289661464324027,145.68
s55_nodur,rag_text,6,160.23,55.24,0.516,0.5167918644515431,0.825,,0.682,,160.44235876934468,6.4670335153303755,160.03529816859836,12.578119938824905,145.68
s55_nodur,zero_shot,3,216.83,66.03,0.93,0.9735049757954612,1.0,,0.994,,216.63056808098463,7.950197957169214,217.23608962584456,15.53776214648369,145.68
s55_nodur,zero_shot,4,210.21,57.77,0.865,0.6864963479780699,1.0,,1.0,,210.03181980353938,8.026572365901087,210.27065245342888,15.81746459382179,145.68
s55_nodur,zero_shot,5,450.97,56.52,0.191,0.6051325423830148,0.939,,0.717,,451.9954757421374,24.462440479026927,449.4213536426821,48.11428898524542,145.68
s55_nodur,zero_shot,6,251.44,59.56,0.75,0.7881343370149779,1.0,,1.0,,251.13522247623854,8.983390475126924,252.45608403639287,18.55545333996897,145.68
s55_nodur,zero_shot,7,194.94,60.18,0.619,0.818254111486769,1.0,,1.0,,194.56974730492658,7.292935005282864,195.74564903050347,14.586360110362751,145.68
