scenario,method,p_strength_ok_pred_error,p_strength_ok_cv2,p_chloride_ok_cv2,p_strength_ok_cv5,p_chloride_ok_cv5,gwp_std_d10,gwp_std_d20
s45_dur,GA,0.594,0.998,0.423,0.881,0.216,6.1,11.937
s45_dur,baseline,0.764,0.999,0.955,0.98,0.844,6.494,13.061
s45_dur,no_knowledge,0.734,0.926,0.981,0.821,0.853,6.377,12.718
s45_dur,rag_tabular,0.952,1.0,0.7,1.0,0.63,7.398,14.61
s45_dur,rag_text,0.799,0.997,0.706,0.946,0.484,6.984,13.52
s45_dur,zero_shot,0.968,1.0,1.0,1.0,1.0,9.064,18.353
s45_nodur,GA,0.574,1.0,,0.972,,6.065,12.309
s45_nodur,baseline,0.813,1.0,,0.994,,6.796,13.703
s45_nodur,no_knowledge,0.796,0.921,,0.9,,6.354,12.815
s45_nodur,rag_tabular,0.851,1.0,,0.997,,6.525,13.213
s45_nodur,rag_text,0.839,1.0,,1.0,,6.511,13.112
s45_nodur,zero_shot,0.953,1.0,,1.0,,6.943,14.019
s50_dur,GA,0.545,0.571,0.064,0.307,0.036,6.046,12.244
s50_dur,baseline,0.701,0.998,0.774,0.95,0.617,6.665,13.262
s50_dur,no_knowledge,0.651,0.862,0.973,0.632,0.888,6.802,13.483
s50_dur,rag_tabular,0.971,1.0,0.911,1.0,0.788,7.675,15.549
s50_dur,rag_text,0.808,1.0,0.8,0.988,0.646,7.676,15.53
s50_dur,zero_shot,0.695,0.97,0.892,0.936,0.877,6.979,14.048
s50_nodur,GA,0.52,0.453,,0.227,,5.948,12.028
s50_nodur,baseline,0.624,0.951,,0.849,,6.339,12.579
s50_nodur,no_knowledge,0.691,0.887,,0.755,,6.595,13.206
s50_nodur,rag_tabular,0.723,0.938,,0.883,,6.762,13.5
s50_nodur,rag_text,0.669,0.971,,0.888,,6.509,12.88
s50_nodur,zero_shot,0.769,0.868,,0.856,,10.529,21.546
s55_dur,GA,0.539,0.257,0.075,0.143,0.042,6.205,12.243
s55_dur,baseline,0.659,0.92,0.849,0.816,0.69,7.368,15.033
s55_dur,no_knowledge,0.548,0.729,0.993,0.572,0.931,7.136,14.101
s55_dur,rag_tabular,1.0,1.0,1.0,1.0,0.992,8.175,17.146
s55_dur,rag_text,0.609,0.892,0.889,0.837,0.664,10.166,20.368
s55_dur,zero_shot,0.982,1.0,1.0,1.0,1.0,8.338,16.912
s55_nodur,GA,0.505,0.344,,0.259,,6.423,12.618
s55_nodur,baseline,0.639,0.957,,0.868,,7.333,14.519
s55_nodur,no_knowledge,0.55,0.595,,0.437,,7.102,14.1
s55_nodur,rag_tabular,0.629,0.637,,0.61,,7.549,14.854
s55_nodur,rag_text,0.587,0.767,,0.732,,8.627,17.086
s55_nodur,zero_shot,0.774,0.988,,0.942,,11.343,22.522
