model,setup,age,split,r2,mae
RandomForest,independent,7day,0,0.628864633195762,3.8570620187873526
RandomForest,independent,28day,0,0.6854253034922081,4.301331577426394
RandomForest,independent,56day,0,0.6505913571220323,5.820152659280788
RandomForest,chain_true_input,7day,0,0.6288646331957624,3.8570620187873517
RandomForest,chain_true_input,28day,0,0.8852943867430153,2.83316892185884
RandomForest,chain_true_input,56day,0,0.8927181401105865,3.021930206239548
RandomForest,chain_pred_input,7day,0,0.628864633195762,3.8570620187873526
RandomForest,chain_pred_input,28day,0,0.6549078278627432,4.364205755248615
RandomForest,chain_pred_input,56day,0,0.6247056023257115,6.1228235190700575
RandomForest,independent,7day,1,0.7289055040242224,4.1532745521707675
RandomForest,independent,28day,1,0.7595500796234422,4.738397972646654
RandomForest,independent,56day,1,0.7207098711496758,6.150871783652592
RandomForest,chain_true_input,7day,1,0.7289055040242223,4.153274552170768
RandomForest,chain_true_input,28day,1,0.8719094996719745,3.248722110945091
RandomForest,chain_true_input,56day,1,0.9178476710953206,3.3555496348871325
RandomForest,chain_pred_input,7day,1,0.7289055040242222,4.153274552170768
RandomForest,chain_pred_input,28day,1,0.710103120281186,5.176334336353507
RandomForest,chain_pred_input,56day,1,0.6984016772509904,6.543148819600056
RandomForest,independent,7day,2,0.5167390482696179,4.037173335402672
RandomForest,independent,28day,2,0.6322094437613575,4.447496889715508
RandomForest,independent,56day,2,0.3424127515392441,6.624325117571127
RandomForest,chain_true_input,7day,2,0.516739048269618,4.037173335402671
RandomForest,chain_true_input,28day,2,0.8684638116681105,2.8522023827977336
RandomForest,chain_true_input,56day,2,0.8009955702143225,2.9242164984341477
RandomForest,chain_pred_input,7day,2,0.5167390482696179,4.03717333540267
RandomForest,chain_pred_input,28day,2,0.5224637540284665,4.960536354964533
RandomForest,chain_pred_input,56day,2,0.3507496560462777,6.525251473914275
RandomForest,independent,7day,3,0.672421447612978,4.04562485609427
RandomForest,independent,28day,3,0.7615588010804806,3.907247038391628
RandomForest,independent,56day,3,0.4390432681978652,6.899646767476886
RandomForest,chain_true_input,7day,3,0.672421447612978,4.045624856094272
RandomForest,chain_true_input,28day,3,0.8961755908299278,2.7893155189895644
RandomForest,chain_true_input,56day,3,0.9075503678644197,2.8037496829813056
RandomForest,chain_pred_input,7day,3,0.6724214476129782,4.045624856094272
RandomForest,chain_pred_input,28day,3,0.6752274231259184,4.663494994463314
RandomForest,chain_pred_input,56day,3,0.6622068153963119,5.375275637582639
RandomForest,independent,7day,4,0.6116570409963713,3.7625538906247775
RandomForest,independent,28day,4,0.6771096789472899,4.4558429234439645
RandomForest,independent,56day,4,0.7049106629854802,5.179616478132832
RandomForest,chain_true_input,7day,4,0.6116570409963715,3.7625538906247775
RandomForest,chain_true_input,28day,4,0.8752785391884411,2.6600939186206483
RandomForest,chain_true_input,56day,4,0.8657170227152673,3.285139997221867
RandomForest,chain_pred_input,7day,4,0.6116570409963715,3.7625538906247775
RandomForest,chain_pred_input,28day,4,0.576782203864049,4.901977673149678
RandomForest,chain_pred_input,56day,4,0.6417375780345926,5.653342677257946
RandomForest,independent,7day,5,0.45100603676021844,4.001645666763436
RandomForest,independent,28day,5,0.6074208002632644,4.5970773652298424
RandomForest,independent,56day,5,0.47852881631414357,7.341803654420926
RandomForest,chain_true_input,7day,5,0.45100603676021844,4.001645666763437
RandomForest,chain_true_input,28day,5,0.8617439219108095,2.7766365599492815
RandomForest,chain_true_input,56day,5,0.9317007834593597,3.022797697050079
RandomForest,chain_pred_input,7day,5,0.45100603676021844,4.001645666763437
RandomForest,chain_pred_input,28day,5,0.5368882926742073,4.783086146370095
RandomForest,chain_pred_input,56day,5,0.550460353265235,6.648319922971125
RandomForest,independent,7day,6,0.7057952623645343,3.3534866775566714
RandomForest,independent,28day,6,0.7021667394191367,4.151318750686137
RandomForest,independent,56day,6,0.8206402478809847,5.071359391157509
RandomForest,chain_true_input,7day,6,0.7057952623645343,3.3534866775566723
RandomForest,chain_true_input,28day,6,0.876640628635733,2.779372258571636
RandomForest,chain_true_input,56day,6,0.9521221274459741,2.3848130600741126
RandomForest,chain_pred_input,7day,6,0.7057952623645343,3.353486677556672
RandomForest,chain_pred_input,28day,6,0.6894028446847813,4.288501875541065
RandomForest,chain_pred_input,56day,6,0.7468702126974349,5.454055095961403
RandomForest,independent,7day,7,0.6282552976730669,4.269726514551298
RandomForest,independent,28day,7,0.6956914405261959,4.430267465642772
RandomForest,independent,56day,7,0.5838741597753062,5.935499076823831
RandomForest,chain_true_input,7day,7,0.6282552976730669,4.269726514551299
RandomForest,chain_true_input,28day,7,0.8726040357082944,2.7886350468129946
RandomForest,chain_true_input,56day,7,0.9043968800991623,2.953173808506609
RandomForest,chain_pred_input,7day,7,0.6282552976730663,4.2697265145513
RandomForest,chain_pred_input,28day,7,0.6548704097618385,4.745717529005257
RandomForest,chain_pred_input,56day,7,0.6002478934071971,5.657537220224432
RandomForest,independent,7day,8,0.6396370788521246,4.2387759132408425
RandomForest,independent,28day,8,0.6563110029302857,4.57655129337867
RandomForest,independent,56day,8,0.4624213400892426,6.781056354519828
RandomForest,chain_true_input,7day,8,0.6396370788521246,4.238775913240844
RandomForest,chain_true_input,28day,8,0.8998761471176921,2.5798698364860537
RandomForest,chain_true_input,56day,8,0.8495789402572693,2.8738828864703825
RandomForest,chain_pred_input,7day,8,0.6396370788521246,4.238775913240843
RandomForest,chain_pred_input,28day,8,0.6581665249170736,4.591258029699
RandomForest,chain_pred_input,56day,8,0.5894064181276405,6.0697566183314615
RandomForest,independent,7day,9,0.7352937058942796,3.5798367394453976
RandomForest,independent,28day,9,0.7481078684715801,4.20067013510245
RandomForest,independent,56day,9,0.5568663822280825,6.8771401028071235
RandomForest,chain_true_input,7day,9,0.7352937058942794,3.5798367394453985
RandomForest,chain_true_input,28day,9,0.9003258426382872,2.606939533662358
RandomForest,chain_true_input,56day,9,0.8516669083018673,3.262402615472479
RandomForest,chain_pred_input,7day,9,0.7352937058942794,3.579836739445399
RandomForest,chain_pred_input,28day,9,0.7170601553338352,4.499692948320678
RandomForest,chain_pred_input,56day,9,0.5927033858850501,6.5660307050025235
XGBoost,independent,7day,0,0.6034760323148174,3.8984396621827115
XGBoost,independent,28day,0,0.6580440578274654,4.378580210647904
XGBoost,independent,56day,0,0.6168974381647128,6.098000189187828
XGBoost,chain_true_input,7day,0,0.6034760323148174,3.8984396621827115
XGBoost,chain_true_input,28day,0,0.9114573628254008,2.519395329994103
XGBoost,chain_true_input,56day,0,0.8712726352406357,3.0658867092965614
XGBoost,chain_pred_input,7day,0,0.6034760323148174,3.8984396621827115
XGBoost,chain_pred_input,28day,0,0.643679900208876,4.471808454731351
XGBoost,chain_pred_input,56day,0,0.6224898432193104,5.81424166076873
XGBoost,independent,7day,1,0.7000615499971374,4.180626539225034
XGBoost,independent,28day,1,0.7573286105172191,4.576220856534429
XGBoost,independent,56day,1,0.6631690744601872,6.322315590208798
XGBoost,chain_true_input,7day,1,0.7000615499971374,4.180626539225034
XGBoost,chain_true_input,28day,1,0.8784101360676507,3.1010518552725768
XGBoost,chain_true_input,56day,1,0.9155034021137897,3.6344251257698565
XGBoost,chain_pred_input,7day,1,0.7000615499971374,4.180626539225034
XGBoost,chain_pred_input,28day,1,0.6730152211781745,5.247145336613261
XGBoost,chain_pred_input,56day,1,0.6310556243533272,6.827167946907939
XGBoost,independent,7day,2,0.5584957594025804,3.8702899407454074
XGBoost,independent,28day,2,0.6221162298931522,4.358269994606758
XGBoost,independent,56day,2,0.32423310145022743,6.187135137326124
XGBoost,chain_true_input,7day,2,0.5584957594025804,3.8702899407454074
XGBoost,chain_true_input,28day,2,0.8667743084532891,2.769694979982498
XGBoost,chain_true_input,56day,2,0.7842276329012883,3.3385817347257034
XGBoost,chain_pred_input,7day,2,0.5584957594025804,3.8702899407454074
XGBoost,chain_pred_input,28day,2,0.598606836975462,4.554692460574049
XGBoost,chain_pred_input,56day,2,0.43642484829869,6.336479000660254
XGBoost,independent,7day,3,0.7003079526328879,3.8641492714168946
XGBoost,independent,28day,3,0.7475634721086174,4.12260221521023
XGBoost,independent,56day,3,0.5124186900068024,6.630961699327704
XGBoost,chain_true_input,7day,3,0.7003079526328879,3.8641492714168946
XGBoost,chain_true_input,28day,3,0.8948882941714065,2.7704698504211756
XGBoost,chain_true_input,56day,3,0.8713962860100445,3.145245837934091
XGBoost,chain_pred_input,7day,3,0.7003079526328879,3.8641492714168946
XGBoost,chain_pred_input,28day,3,0.7002855048181007,4.524876446761513
XGBoost,chain_pred_input,56day,3,0.6800956476806079,5.346229607216606
XGBoost,independent,7day,4,0.68021416247608,3.449069897066409
XGBoost,independent,28day,4,0.6979124203882143,4.367608896261123
XGBoost,independent,56day,4,0.6481480911632075,5.5308233806959635
XGBoost,chain_true_input,7day,4,0.68021416247608,3.449069897066409
XGBoost,chain_true_input,28day,4,0.8860963486955197,2.582618500881289
XGBoost,chain_true_input,56day,4,0.8689815061639119,3.4041032437756087
XGBoost,chain_pred_input,7day,4,0.68021416247608,3.449069897066409
XGBoost,chain_pred_input,28day,4,0.6635482836889233,4.55217655387785
XGBoost,chain_pred_input,56day,4,0.6996036983172886,5.424992261339192
XGBoost,independent,7day,5,0.4752888355532887,3.7670756837230965
XGBoost,independent,28day,5,0.5706509188720318,4.706932300209383
XGBoost,independent,56day,5,0.4688215549963002,7.095686222044938
XGBoost,chain_true_input,7day,5,0.4752888355532887,3.7670756837230965
XGBoost,chain_true_input,28day,5,0.8444961844845515,2.937716035741586
XGBoost,chain_true_input,56day,5,0.9210178307616446,3.080967273275517
XGBoost,chain_pred_input,7day,5,0.4752888355532887,3.7670756837230965
XGBoost,chain_pred_input,28day,5,0.5308826613257861,4.8388782223243485
XGBoost,chain_pred_input,56day,5,0.535990693786629,6.585663048750148
XGBoost,independent,7day,6,0.7244805079181853,3.4337590860909075
XGBoost,independent,28day,6,0.6845155567017089,4.2341525670875555
XGBoost,independent,56day,6,0.7973547714859857,5.292309922924415
XGBoost,chain_true_input,7day,6,0.7244805079181853,3.4337590860909075
XGBoost,chain_true_input,28day,6,0.8701818469139431,2.8756220055673736
XGBoost,chain_true_input,56day,6,0.9463062614714955,2.5388720389455073
XGBoost,chain_pred_input,7day,6,0.7244805079181853,3.4337590860909075
XGBoost,chain_pred_input,28day,6,0.7281901733726373,4.024167483893843
XGBoost,chain_pred_input,56day,6,0.7471626287696762,5.6042738157335945
XGBoost,independent,7day,7,0.6476491566839733,3.9258567996338485
XGBoost,independent,28day,7,0.69257514489438,4.23894475693534
XGBoost,independent,56day,7,0.5164704213676462,6.2186149574534
XGBoost,chain_true_input,7day,7,0.6476491566839733,3.9258567996338485
XGBoost,chain_true_input,28day,7,0.8916751229553249,2.7687922533143094
XGBoost,chain_true_input,56day,7,0.8659836408023179,3.3518597812148783
XGBoost,chain_pred_input,7day,7,0.6476491566839733,3.9258567996338485
XGBoost,chain_pred_input,28day,7,0.6807149179685523,4.376323606200299
XGBoost,chain_pred_input,56day,7,0.525348224546323,5.91679891707391
XGBoost,independent,7day,8,0.6789036520871521,3.910167354828414
XGBoost,independent,28day,8,0.6812039989312191,4.287722107708982
XGBoost,independent,56day,8,0.45742273663389643,6.777111908654005
XGBoost,chain_true_input,7day,8,0.6789036520871521,3.910167354828414
XGBoost,chain_true_input,28day,8,0.9228554388739032,2.4470731053897414
XGBoost,chain_true_input,56day,8,0.8256566375399921,3.392484254244526
XGBoost,chain_pred_input,7day,8,0.6789036520871521,3.910167354828414
XGBoost,chain_pred_input,28day,8,0.6812672106621906,4.337009483958404
XGBoost,chain_pred_input,56day,8,0.6182179321282482,5.761726974151055
XGBoost,independent,7day,9,0.7460953466104379,3.433312132977124
XGBoost,independent,28day,9,0.7260623295004869,4.2653228673445875
XGBoost,independent,56day,9,0.5049422816613305,7.006325957702159
XGBoost,chain_true_input,7day,9,0.7460953466104379,3.433312132977124
XGBoost,chain_true_input,28day,9,0.8957865878639089,2.641858699159861
XGBoost,chain_true_input,56day,9,0.8461893246705314,3.4056140042368783
XGBoost,chain_pred_input,7day,9,0.7460953466104379,3.433312132977124
XGBoost,chain_pred_input,28day,9,0.719430238620987,4.53483351701443
XGBoost,chain_pred_input,56day,9,0.609915903222157,6.380884006925792
CatBoost,independent,7day,0,0.6319555693521877,4.02103955817246
CatBoost,independent,28day,0,0.6349937700820587,4.624069009305673
CatBoost,independent,56day,0,0.6683276069853348,5.614764640685443
CatBoost,chain_true_input,7day,0,0.6319555693521877,4.02103955817246
CatBoost,chain_true_input,28day,0,0.890454706187728,2.7059814381895593
CatBoost,chain_true_input,56day,0,0.9008804266229503,3.2869105672945107
CatBoost,chain_pred_input,7day,0,0.6319555693521877,4.02103955817246
CatBoost,chain_pred_input,28day,0,0.6451647550551534,4.539321877841489
CatBoost,chain_pred_input,56day,0,0.653442963552985,5.656289121032062
CatBoost,independent,7day,1,0.7275063793624869,4.22821786534373
CatBoost,independent,28day,1,0.7239865338641474,4.8857642785203605
CatBoost,independent,56day,1,0.7174871123095441,6.199512483935837
CatBoost,chain_true_input,7day,1,0.7275063793624869,4.22821786534373
CatBoost,chain_true_input,28day,1,0.8758065668006866,3.174011423770923
CatBoost,chain_true_input,56day,1,0.9028904789686738,3.3882617732940865
CatBoost,chain_pred_input,7day,1,0.7275063793624869,4.22821786534373
CatBoost,chain_pred_input,28day,1,0.7422729853571612,5.013107253900127
CatBoost,chain_pred_input,56day,1,0.745640500966628,6.019775323124813
CatBoost,independent,7day,2,0.5305666517266447,3.9669839180425854
CatBoost,independent,28day,2,0.6269079003713685,4.474353824825222
CatBoost,independent,56day,2,0.38981595810421665,5.838371834822696
CatBoost,chain_true_input,7day,2,0.5305666517266447,3.9669839180425854
CatBoost,chain_true_input,28day,2,0.8859890361665747,2.648425345531237
CatBoost,chain_true_input,56day,2,0.6999758875708658,3.878613627829452
CatBoost,chain_pred_input,7day,2,0.5305666517266447,3.9669839180425854
CatBoost,chain_pred_input,28day,2,0.6087178004330134,4.518413919986521
CatBoost,chain_pred_input,56day,2,0.38793258031091904,6.245401622425999
CatBoost,independent,7day,3,0.7001082426202196,3.9961529699979503
CatBoost,independent,28day,3,0.7555544900772919,4.138603425079408
CatBoost,independent,56day,3,0.62227677932606,6.258695770655938
CatBoost,chain_true_input,7day,3,0.7001082426202196,3.9961529699979503
CatBoost,chain_true_input,28day,3,0.8991997032347643,2.619821369558959
CatBoost,chain_true_input,56day,3,0.8995189641156729,2.998947633171119
CatBoost,chain_pred_input,7day,3,0.7001082426202196,3.9961529699979503
CatBoost,chain_pred_input,28day,3,0.7321380472432397,4.329230697587017
CatBoost,chain_pred_input,56day,3,0.7202240075589947,5.501006307358488
CatBoost,independent,7day,4,0.598047589023793,3.8628612624850227
CatBoost,independent,28day,4,0.6647237895406218,4.623650195664865
CatBoost,independent,56day,4,0.6694617083289351,5.322960311422097
CatBoost,chain_true_input,7day,4,0.598047589023793,3.8628612624850227
CatBoost,chain_true_input,28day,4,0.865503006112218,2.727919187297888
CatBoost,chain_true_input,56day,4,0.8577488494318263,3.318000977013521
CatBoost,chain_pred_input,7day,4,0.598047589023793,3.8628612624850227
CatBoost,chain_pred_input,28day,4,0.6599633450824114,4.509945495524891
CatBoost,chain_pred_input,56day,4,0.7088269526312563,5.0688669128214485
CatBoost,independent,7day,5,0.559333328739438,3.7267367731283096
CatBoost,independent,28day,5,0.6324480089364842,4.547013493109264
CatBoost,independent,56day,5,0.6226007777673973,6.021380658612103
CatBoost,chain_true_input,7day,5,0.559333328739438,3.7267367731283096
CatBoost,chain_true_input,28day,5,0.8584037141580609,2.856950656812323
CatBoost,chain_true_input,56day,5,0.8535222729375994,3.5600567912333547
CatBoost,chain_pred_input,7day,5,0.559333328739438,3.7267367731283096
CatBoost,chain_pred_input,28day,5,0.6176911842470156,4.540624998492912
CatBoost,chain_pred_input,56day,5,0.6247163662574176,6.136619081356796
CatBoost,independent,7day,6,0.6860283883162157,3.7256145214142853
CatBoost,independent,28day,6,0.7035067199131928,4.1042436511232
CatBoost,independent,56day,6,0.7669606638095854,5.62179570865292
CatBoost,chain_true_input,7day,6,0.6860283883162157,3.7256145214142853
CatBoost,chain_true_input,28day,6,0.8551475986920801,2.882610637572177
CatBoost,chain_true_input,56day,6,0.9312610945282436,2.8688757556763953
CatBoost,chain_pred_input,7day,6,0.6860283883162157,3.7256145214142853
CatBoost,chain_pred_input,28day,6,0.6850422951589229,4.317643246417498
CatBoost,chain_pred_input,56day,6,0.814313165518141,5.149773791997086
CatBoost,independent,7day,7,0.6625087545859878,3.9768587269467672
CatBoost,independent,28day,7,0.7052915664383949,4.3683752900722945
CatBoost,independent,56day,7,0.5588189266364421,5.994025823388378
CatBoost,chain_true_input,7day,7,0.6625087545859878,3.9768587269467672
CatBoost,chain_true_input,28day,7,0.8887036886622317,2.8196019677714057
CatBoost,chain_true_input,56day,7,0.8350599554080353,3.603860146127182
CatBoost,chain_pred_input,7day,7,0.6625087545859878,3.9768587269467672
CatBoost,chain_pred_input,28day,7,0.7065099405002053,4.354281477400305
CatBoost,chain_pred_input,56day,7,0.6086213578016901,5.6326751693567365
CatBoost,independent,7day,8,0.6597782567691328,4.160635657744463
CatBoost,independent,28day,8,0.6859494546606592,4.2124947226476595
CatBoost,independent,56day,8,0.5358111096016243,6.26406221598932
CatBoost,chain_true_input,7day,8,0.6597782567691328,4.160635657744463
CatBoost,chain_true_input,28day,8,0.9168666916486509,2.430912112152109
CatBoost,chain_true_input,56day,8,0.7888250269710877,3.6249921115563004
CatBoost,chain_pred_input,7day,8,0.6597782567691328,4.160635657744463
CatBoost,chain_pred_input,28day,8,0.6816807608157738,4.2631740835584235
CatBoost,chain_pred_input,56day,8,0.5980640681473212,5.755250056998256
CatBoost,independent,7day,9,0.7366979585213631,3.575389935988952
CatBoost,independent,28day,9,0.7313389692565574,4.285499857752143
CatBoost,independent,56day,9,0.515810887018984,7.411291163944102
CatBoost,chain_true_input,7day,9,0.7366979585213631,3.575389935988952
CatBoost,chain_true_input,28day,9,0.8771781353776995,2.7954835416391286
CatBoost,chain_true_input,56day,9,0.828844650357232,3.574196696799664
CatBoost,chain_pred_input,7day,9,0.7366979585213631,3.575389935988952
CatBoost,chain_pred_input,28day,9,0.711532678417488,4.364945801709314
CatBoost,chain_pred_input,56day,9,0.5477210237498839,6.938230050013311
MLP,independent,7day,0,-0.10844114476550759,7.65754756924185
MLP,independent,28day,0,-0.36281612114089246,10.165850596192117
MLP,independent,56day,0,-1.4218412842409052,16.26429457792779
MLP,chain_true_input,7day,0,-0.10844114476550759,7.65754756924185
MLP,chain_true_input,28day,0,0.7316847970597966,3.9946962564603634
MLP,chain_true_input,56day,0,-0.4399644186247098,12.293925773586967
MLP,chain_pred_input,7day,0,-0.10844114476550759,7.65754756924185
MLP,chain_pred_input,28day,0,-0.1819222481665672,8.950467652721343
MLP,chain_pred_input,56day,0,-1.1467424383278342,15.03188835673603
MLP,independent,7day,1,0.45884259477739564,6.006103129012938
MLP,independent,28day,1,0.42163236843383645,7.724151365087102
MLP,independent,56day,1,0.472435469114169,8.699068098354022
MLP,chain_true_input,7day,1,0.45884259477739564,6.006103129012938
MLP,chain_true_input,28day,1,0.7700469362923869,4.9069314249529
MLP,chain_true_input,56day,1,0.07993899010561001,13.188295665884246
MLP,chain_pred_input,7day,1,0.45884259477739564,6.006103129012938
MLP,chain_pred_input,28day,1,0.1711995488872038,9.218789756388293
MLP,chain_pred_input,56day,1,-0.19694106329888283,14.7357976508133
MLP,independent,7day,2,0.21706717493118288,5.343684443003619
MLP,independent,28day,2,0.3205043238025673,6.330128233679345
MLP,independent,56day,2,-0.9980262227602332,13.10684137634089
MLP,chain_true_input,7day,2,0.21706717493118288,5.343684443003619
MLP,chain_true_input,28day,2,0.7588680342440073,3.6837914916216215
MLP,chain_true_input,56day,2,-1.4584989839364586,15.351702786083832
MLP,chain_pred_input,7day,2,0.21706717493118288,5.343684443003619
MLP,chain_pred_input,28day,2,-0.01261894196782154,7.4698578241957385
MLP,chain_pred_input,56day,2,-1.5444395887559939,15.357370171260197
MLP,independent,7day,3,0.47981178748073117,5.008114104934617
MLP,independent,28day,3,0.42944262031042413,6.219931590845137
MLP,independent,56day,3,0.24611866629986834,8.425859417650617
MLP,chain_true_input,7day,3,0.47981178748073117,5.008114104934617
MLP,chain_true_input,28day,3,0.7710312241958337,4.049946613714651
MLP,chain_true_input,56day,3,0.7589441842485076,4.719320881369287
MLP,chain_pred_input,7day,3,0.47981178748073117,5.008114104934617
MLP,chain_pred_input,28day,3,0.2696729388516561,7.124733170903587
MLP,chain_pred_input,56day,3,-0.2246519365297064,10.892597015856676
MLP,independent,7day,4,0.35101675714289216,5.336599540206671
MLP,independent,28day,4,0.38617865456706324,6.300442348746771
MLP,independent,56day,4,-1.0949471740074865,14.915477639377709
MLP,chain_true_input,7day,4,0.35101675714289216,5.336599540206671
MLP,chain_true_input,28day,4,0.7298718326969822,4.091832129641959
MLP,chain_true_input,56day,4,0.5243064770454445,5.9465619553424585
MLP,chain_pred_input,7day,4,0.35101675714289216,5.336599540206671
MLP,chain_pred_input,28day,4,0.1684969713323583,7.258622169992527
MLP,chain_pred_input,56day,4,-0.5690248850068214,12.180988493042415
MLP,independent,7day,5,0.151934694027273,5.0616828302106285
MLP,independent,28day,5,0.18728119385486997,6.366690945878391
MLP,independent,56day,5,-0.07525447623651793,10.349348562967162
MLP,chain_true_input,7day,5,0.151934694027273,5.0616828302106285
MLP,chain_true_input,28day,5,0.6432361838073297,4.372528920340539
MLP,chain_true_input,56day,5,0.42069764743311233,7.961317316493364
MLP,chain_pred_input,7day,5,0.151934694027273,5.0616828302106285
MLP,chain_pred_input,28day,5,-0.2516288956562309,7.287592575607892
MLP,chain_pred_input,56day,5,-1.39901968402615,14.452335551663339
MLP,independent,7day,6,0.5045307214426458,4.718723355877963
MLP,independent,28day,6,0.4083728285428079,6.147224480012331
MLP,independent,56day,6,-0.13927284907227166,12.587675090155514
MLP,chain_true_input,7day,6,0.5045307214426458,4.718723355877963
MLP,chain_true_input,28day,6,0.7357281602498069,3.9714467845922767
MLP,chain_true_input,56day,6,0.5595897199921427,7.2246809304570805
MLP,chain_pred_input,7day,6,0.5045307214426458,4.718723355877963
MLP,chain_pred_input,28day,6,0.21058183053340607,6.7650171008166105
MLP,chain_pred_input,56day,6,-0.3649186764777341,12.688394234322846
MLP,independent,7day,7,0.1727073634657048,6.436051901216356
MLP,independent,28day,7,0.25300509419042916,7.004889502600129
MLP,independent,56day,7,-1.3607504885152841,14.719284005539798
MLP,chain_true_input,7day,7,0.1727073634657048,6.436051901216356
MLP,chain_true_input,28day,7,0.6661774910337717,4.660069217038738
MLP,chain_true_input,56day,7,-1.0958252760926999,13.898677078738128
MLP,chain_pred_input,7day,7,0.1727073634657048,6.436051901216356
MLP,chain_pred_input,28day,7,-0.2960172480094847,8.791092594183448
MLP,chain_pred_input,56day,7,-1.8118861862839326,15.509592036104134
MLP,independent,7day,8,0.280843490818253,5.958358010319916
MLP,independent,28day,8,0.2200537991413578,6.682039773708059
MLP,independent,56day,8,-0.6041222384021432,13.582543603185528
MLP,chain_true_input,7day,8,0.280843490818253,5.958358010319916
MLP,chain_true_input,28day,8,0.643419264017113,4.817867929661186
MLP,chain_true_input,56day,8,0.20549530270728966,9.38539881900112
MLP,chain_pred_input,7day,8,0.280843490818253,5.958358010319916
MLP,chain_pred_input,28day,8,-0.3414828510296133,8.723373938834632
MLP,chain_pred_input,56day,8,-2.361112687032047,18.78065183349425
MLP,independent,7day,9,0.3097613224854906,5.810845075457661
MLP,independent,28day,9,0.329542865792262,6.984355133384157
MLP,independent,56day,9,-0.6247630234679411,14.699593639466704
MLP,chain_true_input,7day,9,0.3097613224854906,5.810845075457661
MLP,chain_true_input,28day,9,0.7712549092754536,3.6738409401202308
MLP,chain_true_input,56day,9,-0.02314522639436989,7.021344122199875
MLP,chain_pred_input,7day,9,0.3097613224854906,5.810845075457661
MLP,chain_pred_input,28day,9,0.07133777423752907,7.498595591778083
MLP,chain_pred_input,56day,9,-2.0672353596748607,13.550021412768276
