,,,r2,r2,mae,mae
,,,mean,std,mean,std
model,setup,age,,,,
CatBoost,chain_pred_input,28day,0.6791,0.0458,4.4751,0.2157
CatBoost,chain_pred_input,56day,0.641,0.1192,5.8104,0.553
CatBoost,chain_pred_input,7day,0.6493,0.0692,3.924,0.2031
CatBoost,chain_true_input,28day,0.8813,0.019,2.7662,0.1957
CatBoost,chain_true_input,56day,0.8499,0.0679,3.4103,0.3053
CatBoost,chain_true_input,7day,0.6493,0.0692,3.924,0.2031
CatBoost,independent,28day,0.6865,0.0452,4.4264,0.2498
CatBoost,independent,56day,0.6067,0.11,6.0547,0.5691
CatBoost,independent,7day,0.6493,0.0692,3.924,0.2031
MLP,chain_pred_input,28day,-0.0192,0.2302,7.9088,0.9028
MLP,chain_pred_input,56day,-1.1686,0.7943,14.318,2.1772
MLP,chain_pred_input,7day,0.2818,0.1859,5.7338,0.8591
MLP,chain_true_input,28day,0.7221,0.052,4.2223,0.446
MLP,chain_true_input,56day,-0.0468,0.7371,9.6991,3.7087
MLP,chain_true_input,7day,0.2818,0.1859,5.7338,0.8591
MLP,independent,28day,0.2593,0.2348,6.9926,1.2167
MLP,independent,56day,-0.56,0.6663,12.735,2.7169
MLP,independent,7day,0.2818,0.1859,5.7338,0.8591
RandomForest,chain_pred_input,28day,0.6396,0.0697,4.6975,0.2748
RandomForest,chain_pred_input,56day,0.6057,0.1064,6.0616,0.4966
RandomForest,chain_pred_input,7day,0.6319,0.0905,3.9299,0.2942
RandomForest,chain_true_input,28day,0.8808,0.0138,2.7915,0.1859
RandomForest,chain_true_input,56day,0.8874,0.0453,2.9888,0.2823
RandomForest,chain_true_input,7day,0.6319,0.0905,3.9299,0.2942
RandomForest,independent,28day,0.6926,0.0526,4.3806,0.2452
RandomForest,independent,56day,0.576,0.1487,6.2681,0.7641
RandomForest,independent,7day,0.6319,0.0905,3.9299,0.2942
XGBoost,chain_pred_input,28day,0.662,0.0592,4.5462,0.3212
XGBoost,chain_pred_input,56day,0.6106,0.0914,5.9998,0.5053
XGBoost,chain_pred_input,7day,0.6515,0.0834,3.7733,0.2533
XGBoost,chain_true_input,28day,0.8863,0.0226,2.7414,0.1998
XGBoost,chain_true_input,56day,0.8717,0.0476,3.2358,0.3003
XGBoost,chain_true_input,7day,0.6515,0.0834,3.7733,0.2533
XGBoost,independent,28day,0.6838,0.0566,4.3536,0.1726
XGBoost,independent,56day,0.551,0.1328,6.3159,0.5901
XGBoost,independent,7day,0.6515,0.0834,3.7733,0.2533
