iteration,mode,reasoning,PC,FA,SC,FAGG,CAGG,WATER,AEA,WR_HR,WR,ACC,w/b,b/a,SCM%,CAGG%,FAGG%,PC%,FA%,SC%,AEA_pct,WR_HR_pct,WR_pct,ACC_pct,total_binder,Vfinal,pred_7day,pred_28day,pred_56day,chloride_prob,chloride_class,gwp,gwp_gap,str_margin,api_calls_so_far,surrogate_evals_so_far,feasible
1,exploit,"Starting optimisation. Initialising with a low-GWP mix from the dataset that meets all constraints. This mix uses a significant amount of SC, has a moderate water-to-binder ratio, and is within all bounds. It serves as a baseline for further refinement.",97.891,0.0,228.411,800.923,1097.561,141.2,0.074,1.187,0.0,0.0,0.43273,0.17188,0.7,0.57812,0.42188,0.3,0.0,0.7,0.00023,0.00364,0.0,0.0,326.302,1.0317,33.62,53.62,57.45,0.745,Very Low,169.03,34.37,3.62,1,1,True
2,exploit,"The mix remains infeasible due to insufficient strength (49.5 MPa). To address this, I will increase PC by a small amount and increase WR_HR. This aims to boost strength without a significant GWP increase. I'll also slightly reduce water to further aid strength, targeting the 'Strength close to floor' strategy.",100.0,0.0,236.0,800.923,1097.561,137.0,0.074,1.5,0.0,3.0,0.40774,0.17698,0.70238,0.57812,0.42188,0.29762,0.0,0.70238,0.00022,0.00446,0.0,0.00893,336.0,1.0334,35.43,51.46,56.74,0.692,Very Low,173.25,38.59,1.46,4,4,True
3,exploit,"The current mix is feasible with a strength margin of 1.46 MPa and GWP of 173.25 kg CO₂/m³. This is higher than the best GWP so far (169.03 kg CO₂/m³). To reduce GWP, I will try to decrease PC and increase SC, similar to the first attempt, but I will also slightly reduce water and increase WR_HR to maintain strength. The goal is to move back towards the lower GWP of the initial mix while staying above the strength floor.",97.2973150133084,0.0,241.0,800.923,1097.561,136.0,0.074,1.6,0.0,3.0,0.40201,0.17819,0.71239,0.57812,0.42188,0.28761,0.0,0.71239,0.00022,0.00473,0.0,0.00887,338.297,1.0333,37.94,51.68,56.75,0.69,Very Low,171.73,37.07,1.68,5,5,True
4,exploit,"The current mix is feasible with a strength margin of 1.68 MPa and GWP of 171.73 kg CO₂/m³. This is an improvement over the previous iteration. However, it's still higher than the best GWP of 169.03 kg CO₂/m³. I will attempt to slightly reduce the PC (at its lower bound) and increase SC, while also decreasing water and increasing WR_HR to maintain strength and improve the w/b ratio.",97.2973150133084,0.0,245.0,800.923,1097.561,135.0,0.074,1.7,0.0,3.0,0.39439,0.1803,0.71575,0.57812,0.42188,0.28425,0.0,0.71575,0.00022,0.00497,0.0,0.00876,342.297,1.0338,38.7,53.26,57.46,0.708,Very Low,172.79,38.13,3.26,6,6,True
5,exploit,"The current mix is feasible, showing increased strength (53.26 MPa) but a slight increase in GWP (172.79 kg CO₂/m³) compared to the previous iteration. It is still above the best GWP found so far (169.03 kg CO₂/m³). I will attempt to decrease SC slightly and increase PC (back to its lower bound), while also decreasing water to improve the w/b ratio. The ACC and WR_HR will be kept consistent.",97.2973150133084,0.0,243.0,800.923,1097.561,134.0,0.074,1.7,0.0,3.0,0.39377,0.17925,0.71408,0.57812,0.42188,0.28592,0.0,0.71408,0.00022,0.005,0.0,0.00882,340.297,1.0321,38.82,53.23,57.42,0.708,Very Low,172.26,37.6,3.23,7,7,True
6,exploit,"The mix is infeasible due to SC% exceeding its bound (0.7277 vs 0.7174). To fix this, I will slightly decrease SC and increase PC to compensate for the strength loss, while keeping water and other admixtures constant. This adjustment aims to bring SC% back within limits while maintaining feasibility.",101.0,0.0,255.0,800.923,1097.561,130.0,0.074,1.7,0.0,3.0,0.36517,0.18752,0.71629,0.57812,0.42188,0.28371,0.0,0.71629,0.00021,0.00478,0.0,0.00843,356.0,1.0334,40.47,56.34,60.29,0.787,Very Low,179.31,44.65,6.34,9,9,True
7,exploit,"The current mix is feasible with good strength (56.34 MPa) and acceptable chloride probability, but the GWP (179.31 kg CO₂/m³) has increased significantly and is far from the best (169.03 kg CO₂/m³). To reduce GWP, I need to decrease the binder content, particularly PC. I will reduce PC and SC, and slightly reduce water to maintain strength. This is a strategy to move back towards lower binder content, similar to the initial low-GWP mix.",97.2973150133084,0.0,240.0,800.923,1097.561,130.0,0.074,1.7,0.0,3.0,0.38542,0.17767,0.71154,0.57812,0.42188,0.28846,0.0,0.71154,0.00022,0.00504,0.0,0.00889,337.297,1.0271,38.34,53.39,57.82,0.699,Very Low,171.47,36.81,3.39,10,10,True
8,exploit,"The current mix is feasible with a strength of 53.39 MPa and a GWP of 171.47 kg CO₂/m³. This is a good reduction from the previous iteration, but still higher than the best GWP of 169.03 kg CO₂/m³. To further reduce GWP, I will attempt to decrease PC further (to its lower bound), increase SC, and slightly reduce water to maintain strength. The WR_HR and ACC will be kept constant.",97.2973150133084,0.0,245.0,800.923,1097.561,129.0,0.074,1.7,0.0,3.0,0.37687,0.1803,0.71575,0.57812,0.42188,0.28425,0.0,0.71575,0.00022,0.00497,0.0,0.00876,342.297,1.0278,38.24,53.03,58.1,0.736,Very Low,172.79,38.13,3.03,11,11,True
9,exploit,"The mix is infeasible due to SC% exceeding its bound (0.7198 vs 0.7174). To correct this, I will slightly decrease SC and increase PC to maintain strength. This adjustment aims to bring SC% back within limits while minimally impacting GWP and strength.",100.0,0.0,248.0,800.923,1097.561,128.0,0.074,1.7,0.0,3.0,0.36782,0.1833,0.71264,0.57812,0.42188,0.28736,0.0,0.71264,0.00021,0.00489,0.0,0.00862,348.0,1.0287,40.18,56.13,60.05,0.757,Very Low,176.42,41.76,6.13,13,13,True
10,exploit,"The current mix is feasible, with good strength (56.13 MPa) and acceptable chloride probability. However, the GWP is 176.42 kg CO₂/m³, which is significantly higher than the best found so far (169.03 kg CO₂/m³). To reduce GWP, I will attempt to lower the binder content by decreasing PC (to its lower bound) and SC, while also reducing water to maintain strength. WR_HR and ACC remain to support performance.",97.2973150133084,0.0,240.0,800.923,1097.561,127.0,0.074,1.7,0.0,3.0,0.37652,0.17767,0.71154,0.57812,0.42188,0.28846,0.0,0.71154,0.00022,0.00504,0.0,0.00889,337.297,1.0241,38.11,53.1,58.3,0.718,Very Low,171.47,36.81,3.1,14,14,True
11,exploit,"The current mix is feasible with a strength of 53.10 MPa and GWP of 171.47 kg CO₂/m³. While GWP improved from the previous iteration, it's still above the best (169.03 kg CO₂/m³). The strength margin is acceptable. I will try to further reduce the binder by decreasing SC and PC (PC is at its lower bound), and slightly reducing water to maintain strength and improve the w/b ratio.",97.2973150133084,0.0,235.0,800.923,1097.561,126.0,0.074,1.7,0.0,3.0,0.37918,0.17503,0.7072,0.57812,0.42188,0.2928,0.0,0.7072,0.00022,0.00512,0.0,0.00903,332.297,1.0213,38.39,53.52,58.36,0.712,Very Low,170.15,35.49,3.52,15,15,True
12,exploit,"The current mix is feasible with a strength of 53.52 MPa and GWP of 170.15 kg CO₂/m³. This is a good GWP reduction, but still slightly above the best (169.03 kg CO₂/m³). The strength margin is adequate. To attempt to reach the historical best GWP, I will decrease SC slightly and increase PC (to its lower bound), while also decreasing water. WR_HR and ACC will be maintained.",97.2973150133084,0.0,230.0,800.923,1097.561,125.0,0.074,1.7,0.0,3.0,0.38192,0.1724,0.70272,0.57812,0.42188,0.29728,0.0,0.70272,0.00023,0.00519,0.0,0.00917,327.297,1.0186,38.49,53.77,58.33,0.706,Very Low,168.83,34.17,3.77,16,16,True
13,exploit,"The current mix is feasible and has achieved the lowest GWP so far (168.83 kg CO₂/m³). The strength (53.77 MPa) is adequate with a good margin. Since GWP is at a new minimum, I will try to maintain this GWP while slightly increasing strength if possible. I will slightly increase PC and SC, and maintain water and other admixtures to see if a marginal strength increase is possible without compromising GWP.",98.0,0.0,231.0,800.923,1097.561,125.0,0.074,1.7,0.0,3.0,0.37994,0.1733,0.70213,0.57812,0.42188,0.29787,0.0,0.70213,0.00022,0.00517,0.0,0.00912,329.0,1.0192,38.14,54.29,58.56,0.712,Very Low,169.83,35.17,4.29,17,17,True
14,exploit,"The current mix is feasible with a strength of 54.29 MPa and a GWP of 169.83 kg CO₂/m³. This is a slight increase in GWP from the previous iteration (168.83 kg CO₂/m³), which was the best so far. The strength margin is good. To attempt to lower GWP further, I will try reducing SC slightly and increasing PC (to its lower bound), while also slightly reducing water. This strategy aims to shift towards lower GWP components while maintaining strength.",97.2973150133084,0.0,229.0,800.923,1097.561,124.0,0.074,1.7,0.0,3.0,0.38002,0.17187,0.70181,0.57812,0.42188,0.29819,0.0,0.70181,0.00023,0.00521,0.0,0.00919,326.297,1.0173,38.29,53.86,58.35,0.712,Very Low,168.57,33.91,3.86,18,18,True
15,exploit,"The current mix is feasible with a GWP of 168.57 kg CO₂/m³, which is the best so far. Strength (53.86 MPa) is adequate. The optimizer flagged oscillation due to very similar recent proposals. To break this cycle and potentially lower GWP further, I will make a more significant change: decrease SC and increase PC (to its lower bound), while also decreasing water. This aims to reduce GWP by further shifting binder content, while WR_HR and ACC are maintained.",97.2973150133084,0.0,220.0,800.923,1097.561,120.0,0.074,1.7,0.0,3.0,0.37819,0.16713,0.69336,0.57812,0.42188,0.30664,0.0,0.69336,0.00023,0.00536,0.0,0.00945,317.297,1.0102,38.19,54.06,58.61,0.71,Very Low,166.19,31.53,4.06,19,19,True
16,exploit,"The current mix is feasible, achieving a new lowest GWP of 166.19 kg CO₂/m³ with adequate strength (54.06 MPa). To push GWP lower, I will continue to decrease SC and PC (PC is at its lower bound) and slightly reduce water, aiming to minimize binder content further while maintaining strength. WR_HR and ACC remain constant.",97.2973150133084,0.0,210.0,800.923,1097.561,118.0,0.074,1.7,0.0,3.0,0.38399,0.16186,0.68338,0.57812,0.42188,0.31662,0.0,0.68338,0.00024,0.00553,0.0,0.00976,307.297,1.0047,37.66,53.13,57.75,0.7,Very Low,163.55,28.89,3.13,20,20,True
17,exploit,"The current mix is feasible and has achieved a new lowest GWP of 163.55 kg CO₂/m³. Strength (53.13 MPa) is adequate. To attempt to lower GWP further, I will decrease SC and PC (PC is at its lower bound) and slightly reduce water. WR_HR and ACC remain constant. This continues the strategy of minimizing binder content.",97.2973150133084,0.0,200.0,800.923,1097.561,116.0,0.074,1.7,0.0,3.0,0.39018,0.1566,0.67273,0.57812,0.42188,0.32727,0.0,0.67273,0.00025,0.00572,0.0,0.01009,297.297,0.9993,37.48,52.69,57.48,0.682,Very Low,160.91,26.25,2.69,21,21,True
18,exploit,"The current mix has achieved a new lowest GWP of 160.91 kg CO₂/m³, with adequate strength (52.69 MPa). To try and lower GWP further, I will decrease SC and PC (PC is at its lower bound) and slightly reduce water. WR_HR and ACC remain constant. This continues the strategy of minimizing binder content.",97.2973150133084,0.0,190.0,800.923,1097.561,114.0,0.074,1.7,0.0,3.0,0.3968,0.15133,0.66134,0.57812,0.42188,0.33866,0.0,0.66134,0.00026,0.00592,0.0,0.01044,287.297,0.9938,37.75,52.77,57.42,0.676,Very Low,158.27,23.61,2.77,22,22,True
19,exploit,"The current mix has achieved a new lowest GWP of 158.27 kg CO₂/m³ with adequate strength (52.77 MPa). To attempt to lower GWP further, I will decrease SC and PC (PC is at its lower bound) and slightly reduce water. WR_HR and ACC remain constant. This continues the strategy of minimizing binder content.",97.2973150133084,0.0,180.0,800.923,1097.561,112.0,0.074,1.7,0.0,3.0,0.4039,0.14606,0.64912,0.57812,0.42188,0.35088,0.0,0.64912,0.00027,0.00613,0.0,0.01082,277.297,0.9884,36.15,50.59,56.44,0.676,Very Low,155.63,20.97,0.59,23,23,True
20,exploit,"The current mix has achieved a new lowest GWP of 155.63 kg CO₂/m³ with a strength of 50.59 MPa, which is very close to the minimum required. To attempt to lower GWP further, I will decrease SC and PC (PC is at its lower bound) and slightly reduce water. WR_HR and ACC remain constant. This continues the strategy of minimizing binder content.",97.2973150133084,0.0,170.0,800.923,1097.561,110.0,0.074,1.7,0.0,3.0,0.41153,0.1408,0.636,0.57812,0.42188,0.364,0.0,0.636,0.00028,0.00636,0.0,0.01122,267.297,0.9829,35.47,50.66,56.4,0.671,Very Low,152.99,18.33,0.66,24,24,True
21,exploit,"The current mix has achieved a new lowest GWP of 152.99 kg CO₂/m³ with a strength of 50.66 MPa, which is very close to the minimum required. To attempt to lower GWP further, I will decrease SC and PC (PC is at its lower bound) and slightly reduce water. WR_HR and ACC remain constant. This continues the strategy of minimizing binder content.",97.2973150133084,0.0,160.0,800.923,1097.561,108.0,0.074,1.7,0.0,3.0,0.41975,0.13553,0.62185,0.57812,0.42188,0.37815,0.0,0.62185,0.00029,0.00661,0.0,0.01166,257.297,0.9775,35.52,51.47,56.77,0.664,Very Low,150.35,15.69,1.47,25,25,True
22,exploit,"The current mix has achieved a new lowest GWP of 150.35 kg CO₂/m³ with a strength of 51.47 MPa. To attempt to lower GWP further, I will decrease SC and PC (PC is at its lower bound) and slightly reduce water. WR_HR and ACC remain constant. This continues the strategy of minimizing binder content.",97.2973150133084,0.0,150.0,800.923,1097.561,106.0,0.074,1.7,0.0,3.0,0.42863,0.13026,0.60656,0.57812,0.42188,0.39344,0.0,0.60656,0.0003,0.00687,0.0,0.01213,247.297,0.972,34.72,50.14,55.99,0.656,Very Low,147.71,13.05,0.14,26,26,True
23,exploit,"The mix is infeasible due to strength being exactly at the floor (50.0 MPa). To ensure it's above the 50 MPa threshold, I will slightly increase PC and SC, and also slightly increase water. This aims to boost strength while minimizing GWP increase. ACC and WR_HR are maintained.",100.0,0.0,145.0,800.923,1097.561,107.0,0.074,1.7,0.0,3.0,0.43673,0.12905,0.59184,0.57812,0.42188,0.40816,0.0,0.59184,0.0003,0.00694,0.0,0.01224,245.0,0.9722,34.15,50.71,56.43,0.644,Very Low,149.22,14.56,0.71,28,28,True
24,exploit,"The mix is infeasible due to low strength (49.8 MPa). To increase strength, I will increase PC and SC slightly, and also slightly increase water. This aims to boost strength while minimizing GWP increase. ACC and WR_HR are maintained. This is a slight increase in binder to recover strength.",100.0,0.0,140.0,800.923,1097.561,106.0,0.074,1.7,0.0,3.0,0.44167,0.12642,0.58333,0.57812,0.42188,0.41667,0.0,0.58333,0.00031,0.00708,0.0,0.0125,240.0,0.9694,34.06,50.57,55.84,0.64,Very Low,147.9,13.24,0.57,30,30,True
25,exploit,"The mix is infeasible due to low strength (49.9 MPa). To increase strength, I will increase PC and SC slightly, and also slightly increase water. This aims to boost strength while minimizing GWP increase. ACC and WR_HR are maintained. This is a slight increase in binder to recover strength.",100.0,0.0,135.0,800.923,1097.561,105.0,0.074,1.7,0.0,3.0,0.44681,0.12378,0.57447,0.57812,0.42188,0.42553,0.0,0.57447,0.00031,0.00723,0.0,0.01277,235.0,0.9667,33.79,50.56,55.99,0.636,Very Low,146.58,11.92,0.56,32,32,True
26,exploit,"The mix is infeasible due to low strength (49.4 MPa). To increase strength, I will increase PC and SC slightly, and also slightly increase water. This aims to boost strength while minimizing GWP increase. ACC and WR_HR are maintained. This is a slight increase in binder to recover strength.",101.0,0.0,134.0,800.923,1097.561,105.0,0.074,1.7,0.0,3.0,0.44681,0.12378,0.57021,0.57812,0.42188,0.42979,0.0,0.57021,0.00031,0.00723,0.0,0.01277,235.0,0.9667,33.77,50.56,55.92,0.635,Very Low,147.37,12.71,0.56,35,35,True
27,exploit,"The current mix is feasible with a strength of 50.56 MPa and a GWP of 147.37 kg CO₂/m³. This is a slight increase in GWP from the previous best (146.58 kg CO₂/m³). The strength margin is minimal (0.56 MPa). To attempt to lower GWP and recover strength, I will increase PC and SC slightly, and also increase water to improve workability and potentially strength. WR_HR and ACC remain constant.",100.0,0.0,135.0,800.923,1097.561,106.0,0.074,1.7,0.0,3.0,0.45106,0.12378,0.57447,0.57812,0.42188,0.42553,0.0,0.57447,0.00031,0.00723,0.0,0.01277,235.0,0.9677,33.75,50.53,56.09,0.636,Very Low,146.58,11.92,0.53,36,36,True
28,exploit,"The mix is feasible for strength (53.6 MPa) but infeasible due to insufficient chloride pass probability (0.58). To improve chloride resistance, I will increase SC and decrease PC. I will also slightly reduce water to help manage GWP and maintain strength. ACC and WR_HR are maintained.",165.0,0.0,145.0,800.923,1097.561,121.0,0.074,1.7,0.0,3.0,0.39032,0.16329,0.46774,0.57812,0.42188,0.53226,0.0,0.46774,0.00024,0.00548,0.0,0.00968,310.0,1.0068,38.03,53.66,59.26,0.621,Very Low,217.34,82.68,3.66,52,52,True
29,exploit,"The current mix is feasible with strength 53.66 MPa and chloride probability 0.62. However, the GWP is very high (217.34 kg CO₂/m³), much worse than the best feasible GWP (146.58 kg CO₂/m³). To reduce GWP, I need to decrease the binder content, particularly PC. I will significantly decrease PC and slightly decrease SC and water. WR_HR and ACC are maintained.",100.0,0.0,145.0,800.923,1097.561,105.0,0.074,1.7,0.0,3.0,0.42857,0.12905,0.59184,0.57812,0.42188,0.40816,0.0,0.59184,0.0003,0.00694,0.0,0.01224,245.0,0.9702,34.2,50.64,56.47,0.644,Very Low,149.22,14.56,0.64,53,53,True
30,exploit,"The mix is infeasible due to low strength (49.9 MPa). To increase strength, I will increase PC and SC slightly, and also slightly increase water. This aims to boost strength while minimizing GWP increase. ACC and WR_HR are maintained. This is a slight increase in binder to recover strength.",100.0,0.0,135.0,800.923,1097.561,105.0,0.074,1.7,0.0,3.0,0.44681,0.12378,0.57447,0.57812,0.42188,0.42553,0.0,0.57447,0.00031,0.00723,0.0,0.01277,235.0,0.9667,33.79,50.56,55.99,0.636,Very Low,146.58,11.92,0.56,55,55,True
